"marker","effect","intercept","trait","env"
"PZA01271.1",0.0307770288960839,97.7960819176919,"starch","06A"
"PZA03613.1",0.0361673869299745,97.7960819176919,"starch","06A"
"PZA02129.1",-0.0559928334702226,97.7960819176919,"starch","06A"
"PZA02032.1",-0.131679545544457,97.7960819176919,"starch","06A"
"PHM2244.142",0.0248881036382955,97.7960819176919,"starch","06A"
"PZA02372.1",0.0307914321629267,97.7960819176919,"starch","06A"
"PHM6238.36",-0.0537351269612875,97.7960819176919,"starch","06A"
"PZA00181.2",0.0509034132870409,97.7960819176919,"starch","06A"
"PZA00528.1",0.088391979410937,97.7960819176919,"starch","06A"
"PZA00175.2",0.12096526209794,97.7960819176919,"starch","06A"
"PZA00447.8",-0.0439160380054631,97.7960819176919,"starch","06A"
"PZA02284.1",0.0963886941700998,97.7960819176919,"starch","06A"
"PZA00731.7",0.175624057401993,97.7960819176919,"starch","06A"
"PZA03521.1",0.0360467509576973,97.7960819176919,"starch","06A"
"PZA00106.10",-0.00790296390425941,97.7960819176919,"starch","06A"
"PZA00887.1",-0.0973069939995445,97.7960819176919,"starch","06A"
"PZA03551.1",-0.129029036152791,97.7960819176919,"starch","06A"
"csu1171.2",0.00325057671796457,97.7960819176919,"starch","06A"
"PZA01497.1",-0.0331038617114368,97.7960819176919,"starch","06A"
"PZA01652.1",0.128190693983781,97.7960819176919,"starch","06A"
"PZA02094.9",-0.14223644114018,97.7960819176919,"starch","06A"
"PZA02393.2",0.167755157005845,97.7960819176919,"starch","06A"
"PZB00648.5",0.0774141512567744,97.7960819176919,"starch","06A"
"PZB00718.5",-0.00701384758457227,97.7960819176919,"starch","06A"
"PZA01030.1",-0.0202857410119232,97.7960819176919,"starch","06A"
"PZA00425.11",0.0855058811517395,97.7960819176919,"starch","06A"
"PHM13619.5",0.00155307785766261,97.7960819176919,"starch","06A"
"PHM3226.15",0.0599872712549994,97.7960819176919,"starch","06A"
"PZA02487.1",0.0527984556459476,97.7960819176919,"starch","06A"
"PHM4531.46",0.109806771779629,97.7960819176919,"starch","06A"
"PZB01957.1",-0.132434666939921,97.7960819176919,"starch","06A"
"PZB02058.1",0.034183486918169,97.7960819176919,"starch","06A"
"PZA02490.1",-0.0125955786288145,97.7960819176919,"starch","06A"
"PZA01455.1",-0.065159260198989,97.7960819176919,"starch","06A"
"PZA01348.1",-0.13479512820097,97.7960819176919,"starch","06A"
"PZB01662.1",0.0517240653118012,97.7960819176919,"starch","06A"
"PZA02686.1",0.0305243775894743,97.7960819176919,"starch","06A"
"PZA02271.1",0.0585918403275763,97.7960819176919,"starch","06A"
"PZA02195.1",-0.0610419156567927,97.7960819176919,"starch","06A"
"PZA00240.6",-0.0887938356432595,97.7960819176919,"starch","06A"
"PHM3726.129",0.228661407624923,97.7960819176919,"starch","06A"
"PZA00962.1",-0.0371000317126961,97.7960819176919,"starch","06A"
"PZA02376.1",0.0546204996471202,97.7960819176919,"starch","06A"
"PZA03243.2",-0.0520894461619519,97.7960819176919,"starch","06A"
"PZA03742.1",-0.0784127073434496,97.7960819176919,"starch","06A"
"PZA00081.18",-0.0611048570263817,97.7960819176919,"starch","06A"
"umc13.1",0.023595006769366,97.7960819176919,"starch","06A"
"PZA03183.5",-0.00756183838426708,97.7960819176919,"starch","06A"
"PZB00872.3",0.0341611841789729,97.7960819176919,"starch","06A"
"PHM4913.18",0.059722301399108,97.7960819176919,"starch","06A"
"PZA02292.1",0.0873244540428527,97.7960819176919,"starch","06A"
"PZA03168.5",0.0731642502884999,97.7960819176919,"starch","06A"
"PZA02737.1",-0.0117170018685448,97.7960819176919,"starch","06A"
"PZA02550.1",-0.0478405244430879,97.7960819176919,"starch","06A"
"PZA02114.1",0.0189457818575822,97.7960819176919,"starch","06A"
"PZB01062.3",0.248669615054525,97.7960819176919,"starch","06A"
"PZA03561.1",-0.0237137739280182,97.7960819176919,"starch","06A"
"PZA01315.1",0.0964232544511324,97.7960819176919,"starch","06A"
"PZA01476.1",0.012422217823649,97.7960819176919,"starch","06A"
"PZA00294.22",-0.123247443585573,97.7960819176919,"starch","06A"
"PZA03189.4",0.0451815397263663,97.7960819176919,"starch","06A"
"PHM5098.25",0.00395163958880766,97.7960819176919,"starch","06A"
"PZA01267.3",0.232247304751953,97.7960819176919,"starch","06A"
"PZA00752.1",0.0962814794362683,97.7960819176919,"starch","06A"
"PZA01135.1",0.128657696574624,97.7960819176919,"starch","06A"
"PZA03465.1",0.121918761299183,97.7960819176919,"starch","06A"
"PHM9418.11",-0.0193428320097051,97.7960819176919,"starch","06A"
"PZA02763.1",-0.0513526547441443,97.7960819176919,"starch","06A"
"PZA02750.3",0.214899750708704,97.7960819176919,"starch","06A"
"PZA00939.1",0.0375121870794807,97.7960819176919,"starch","06A"
"PZA01254.2",-0.0592470017115049,97.7960819176919,"starch","06A"
"PZA02070.1",0.246000841064165,97.7960819176919,"starch","06A"
"PZA02577.1",-0.0609886590571625,97.7960819176919,"starch","06A"
"PZA03200.2",-0.0304460066981579,97.7960819176919,"starch","06A"
"PZA02741.1",0.0415367765871963,97.7960819176919,"starch","06A"
"PZA02135.2",-0.0561210421603376,97.7960819176919,"starch","06A"
"an1.5",0.0982816345958844,97.7960819176919,"starch","06A"
"PZA02191.1",-0.111988126040517,97.7960819176919,"starch","06A"
"PHM1968.22",-0.11846022103979,97.7960819176919,"starch","06A"
"PZA00068.1",0.0300065815318145,97.7960819176919,"starch","06A"
"PZA03531.1",-0.00937274197180765,97.7960819176919,"starch","06A"
"PZA00619.3",0.0290346349503265,97.7960819176919,"starch","06A"
"PZA02467.10",-0.0904195160937666,97.7960819176919,"starch","06A"
"PZA03074.27",0.0277900033133675,97.7960819176919,"starch","06A"
"PZA01216.1",-0.0157126964249664,97.7960819176919,"starch","06A"
"PZA00131.15",-0.0329643038500116,97.7960819176919,"starch","06A"
"PZA01963.15",-0.042085370137782,97.7960819176919,"starch","06A"
"PZA01391.1",0.0791689425299176,97.7960819176919,"starch","06A"
"PHM5480.17",0.0870060829957687,97.7960819176919,"starch","06A"
"PZA01019.1",-0.0355225632362008,97.7960819176919,"starch","06A"
"PZA03194.1",-0.0155429334569382,97.7960819176919,"starch","06A"
"PZA03193.2",-0.0415124992781857,97.7960819176919,"starch","06A"
"PHM12706.14",-0.0562527372177222,97.7960819176919,"starch","06A"
"PZA02014.3",-0.121525389599982,97.7960819176919,"starch","06A"
"PZA03265.3",-0.0261958070242691,97.7960819176919,"starch","06A"
"PHM6043.19",0.0732710007214329,97.7960819176919,"starch","06A"
"PZA03741.1",0.132758645131008,97.7960819176919,"starch","06A"
"PHM15871.11",0.127958232787267,97.7960819176919,"starch","06A"
"PZA02117.1",-0.0490637508042781,97.7960819176919,"starch","06A"
"PZA00658.21",0.0261544504514855,97.7960819176919,"starch","06A"
"PHM2478.22",0.0681932906390748,97.7960819176919,"starch","06A"
"PZA00664.3",0.100337242368555,97.7960819176919,"starch","06A"
"umc128.2",-0.0185493464606347,97.7960819176919,"starch","06A"
"PZA02186.1",-0.0999677059397588,97.7960819176919,"starch","06A"
"PZA03001.15",0.0668888156795071,97.7960819176919,"starch","06A"
"PZB01647.1",0.0790985665803658,97.7960819176919,"starch","06A"
"PZA00381.4",-0.0380521509706802,97.7960819176919,"starch","06A"
"PHM4926.16",-0.113130296356013,97.7960819176919,"starch","06A"
"PZA03301.2",0.0544854050156218,97.7960819176919,"starch","06A"
"PZA03064.6",-0.0740956222547296,97.7960819176919,"starch","06A"
"PHM16605.19",-0.0522060071566651,97.7960819176919,"starch","06A"
"PHM3034.3",-0.148186490132373,97.7960819176919,"starch","06A"
"kip1.3",0.0483522925625123,97.7960819176919,"starch","06A"
"PHM14475.7",-0.0468561738459988,97.7960819176919,"starch","06A"
"glb1.2",0.0489973287304492,97.7960819176919,"starch","06A"
"PZA01588.1",0.067011010225826,97.7960819176919,"starch","06A"
"PZA00339.4",-0.232431136313692,97.7960819176919,"starch","06A"
"PHM5526.25",-0.124671268606528,97.7960819176919,"starch","06A"
"PZA02985.5",0.105301774301316,97.7960819176919,"starch","06A"
"PZA03457.1",-0.0966423186549276,97.7960819176919,"starch","06A"
"PZB00895.1",0.110589689848734,97.7960819176919,"starch","06A"
"PZB00008.1",-0.0398709737675687,97.7960819176919,"starch","06A"
"PZB00063.1",-0.120246256188478,97.7960819176919,"starch","06A"
"PZA02278.1",-0.00436381246570792,97.7960819176919,"starch","06A"
"PZA02698.3",0.0372666476144725,97.7960819176919,"starch","06A"
"PZA02520.1",0.0489246107374634,97.7960819176919,"starch","06A"
"PZB00114.1",-0.149016692766366,97.7960819176919,"starch","06A"
"PZA01978.23",0.0258811940877425,97.7960819176919,"starch","06A"
"PZA02204.1",-0.0218635501345051,97.7960819176919,"starch","06A"
"PZA00610.16",-0.0147012705018365,97.7960819176919,"starch","06A"
"PZA03188.3",-0.00469635683323061,97.7960819176919,"starch","06A"
"PZA02957.5",-0.0571390685731159,97.7960819176919,"starch","06A"
"PZA03020.8",-0.140756297576242,97.7960819176919,"starch","06A"
"PZA00978.1",0.215556180386874,97.7960819176919,"starch","06A"
"PZA01246.1",0.103435849472578,97.7960819176919,"starch","06A"
"PZA02087.2",-0.125903575223153,97.7960819176919,"starch","06A"
"PZA00245.20",-0.0444483704744401,97.7960819176919,"starch","06A"
"PHM18705.23",0.0786198013287053,97.7960819176919,"starch","06A"
"PZB01403.1",-0.186326795479114,97.7960819176919,"starch","06A"
"PZA00894.7",-0.00166285935154851,97.7960819176919,"starch","06A"
"PZA03037.2",-0.04564880557622,97.7960819176919,"starch","06A"
"PZB01227.6",0.0339405926063878,97.7960819176919,"starch","06A"
"PZA02044.1",-0.0515538837815443,97.7960819176919,"starch","06A"
"PZA00307.14",0.0282952346350842,97.7960819176919,"starch","06A"
"PZA00276.18",0.00678874009552251,97.7960819176919,"starch","06A"
"PZA00991.2",0.0249759128586762,97.7960819176919,"starch","06A"
"PZA00235.9",-0.016644397510076,97.7960819176919,"starch","06A"
"PZA00623.3",-0.0505650696547227,97.7960819176919,"starch","06A"
"PZA02359.10",0.0100994316693495,97.7960819176919,"starch","06A"
"PHM9807.9",0.0418186382605446,97.7960819176919,"starch","06A"
"PZA01068.1",-0.0143416849536183,97.7960819176919,"starch","06A"
"PZA00343.31",0.117113211334396,97.7960819176919,"starch","06A"
"PHM1275.22",0.0509874374001443,97.7960819176919,"starch","06A"
"PZA00243.25",0.0484221714127952,97.7960819176919,"starch","06A"
"PZA00856.2",0.0368717616326035,97.7960819176919,"starch","06A"
"PZA01239.2",-0.027075367181585,97.7960819176919,"starch","06A"
"PZA01807.1",0.0347677248374664,97.7960819176919,"starch","06A"
"PZA00432.4",0.146871696431568,97.7960819176919,"starch","06A"
"PZA00680.3",0.0193362829300209,97.7960819176919,"starch","06A"
"PHM5817.15",-0.0792483792359817,97.7960819176919,"starch","06A"
"PZA00365.2",-0.0715451951929291,97.7960819176919,"starch","06A"
"PZA02133.10",0.111510873382893,97.7960819176919,"starch","06A"
"PHM1511.14",0.0637532050852785,97.7960819176919,"starch","06A"
"PHM13440.13",0.0401520999221949,97.7960819176919,"starch","06A"
"PZA00525.17",0.0274280317087394,97.7960819176919,"starch","06A"
"PZA02175.1",0.0601603503229313,97.7960819176919,"starch","06A"
"PZA02681.8",0.0123242350132224,97.7960819176919,"starch","06A"
"PZA00902.1",0.0819082332814089,97.7960819176919,"starch","06A"
"PZA02264.5",0.0386830436517493,97.7960819176919,"starch","06A"
"PZB01233.1",-0.0934740684165096,97.7960819176919,"starch","06A"
"PZA01211.1",-0.0729788096778259,97.7960819176919,"starch","06A"
"PZA00172.12",-0.0685116250500864,97.7960819176919,"starch","06A"
"PZA00613.22",0.00474536952272727,97.7960819176919,"starch","06A"
"PZA02208.1",-0.0384467920224154,97.7960819176919,"starch","06A"
"PZA02081.1",-0.0902175810211156,97.7960819176919,"starch","06A"
"PZA01935.10",0.045663776065053,97.7960819176919,"starch","06A"
"PZA03747.1",-0.148023803497548,97.7960819176919,"starch","06A"
"PZA03699.1",0.00818178237856272,97.7960819176919,"starch","06A"
"PZA02272.3",-0.0350825560174219,97.7960819176919,"starch","06A"
"PHM5822.15",0.101609033264145,97.7960819176919,"starch","06A"
"zfl2.9",-0.121314974506803,97.7960819176919,"starch","06A"
"PZA00108.4",0.00310131110658784,97.7960819176919,"starch","06A"
"PZA01753.1",-0.0739509079277076,97.7960819176919,"starch","06A"
"PZA02337.4",-0.225517938881308,97.7960819176919,"starch","06A"
"PZA03559.1",0.0504810380308174,97.7960819176919,"starch","06A"
"PZA02417.2",0.0522615207696107,97.7960819176919,"starch","06A"
"PZA00497.4",-0.0615603106323797,97.7960819176919,"starch","06A"
"PZA03228.4",0.00596008041560818,97.7960819176919,"starch","06A"
"PZA03634.1",0.033287165919035,97.7960819176919,"starch","06A"
"PHM6111.5",-0.011693902002996,97.7960819176919,"starch","06A"
"PZA00590.1",0.0929624675536144,97.7960819176919,"starch","06A"
"PZA01879.1",-0.132180864784583,97.7960819176919,"starch","06A"
"PZA03142.5",-0.0368625915516637,97.7960819176919,"starch","06A"
"PZA02080.1",0.135943235989637,97.7960819176919,"starch","06A"
"PZA01755.1",0.103393102636793,97.7960819176919,"starch","06A"
"PZA03568.1",0.0236161951896331,97.7960819176919,"starch","06A"
"PZA01374.1",-0.0629287817729172,97.7960819176919,"starch","06A"
"PZA01336.1",-0.0149898923398453,97.7960819176919,"starch","06A"
"PZA02378.7",-0.0393668580603461,97.7960819176919,"starch","06A"
"PZA02496.1",0.113627519994493,97.7960819176919,"starch","06A"
"PHM10404.8",-0.079530700095585,97.7960819176919,"starch","06A"
"PZB00183.4",-0.028721315315088,97.7960819176919,"starch","06A"
"PZA02450.1",0.011029530916271,97.7960819176919,"starch","06A"
"PZA01820.1",0.0731909755441423,97.7960819176919,"starch","06A"
"PZA02774.1",0.0384349618078752,97.7960819176919,"starch","06A"
"PZA02168.1",0.0492340068852747,97.7960819176919,"starch","06A"
"PZA03629.1",0.114062344102567,97.7960819176919,"starch","06A"
"PZA00635.7",0.0884655362695808,97.7960819176919,"starch","06A"
"PZA02279.1",0.0113197855376208,97.7960819176919,"starch","06A"
"PHM10321.11",-0.0447566742407024,97.7960819176919,"starch","06A"
"PHM3457.6",-0.052622907744109,97.7960819176919,"starch","06A"
"PZA01902.1",0.0368465581019885,97.7960819176919,"starch","06A"
"PZA02549.3",0.0342343445423091,97.7960819176919,"starch","06A"
"PHM13360.13",0.0182957721158729,97.7960819176919,"starch","06A"
"PZA00485.2",0.181280367595529,97.7960819176919,"starch","06A"
"PHM3626.3",0.021463878582642,97.7960819176919,"starch","06A"
"PZA02626.1",0.0232933621764896,97.7960819176919,"starch","06A"
"PZA00029.17",0.0347808761256382,97.7960819176919,"starch","06A"
"PZA03211.6",-0.0244151356697428,97.7960819176919,"starch","06A"
"PZA01280.2",0.0120434633730877,97.7960819176919,"starch","06A"
"PZA01537.2",-0.184071255673885,97.7960819176919,"starch","06A"
"PZA01232.1",-0.0152792515655798,97.7960819176919,"starch","06A"
"PZA02939.10",-0.00762441602158024,97.7960819176919,"starch","06A"
"PZA02465.1",-0.0285769554874747,97.7960819176919,"starch","06A"
"PZA01321.1",0.0418520167906975,97.7960819176919,"starch","06A"
"PZA02371.6",-0.0245316214375956,97.7960819176919,"starch","06A"
"PZA03692.1",0.226086919307816,97.7960819176919,"starch","06A"
"PZA01638.1",-0.0289874022234488,97.7960819176919,"starch","06A"
"PZA00515.10",-0.0405063627274979,97.7960819176919,"starch","06A"
"PZA00637.6",-0.0198512397784941,97.7960819176919,"starch","06A"
"PZA00495.5",-0.0558237132159126,97.7960819176919,"starch","06A"
"PZA03644.1",0.130458456394877,97.7960819176919,"starch","06A"
"vdac1a.1",-0.0133626238488623,97.7960819176919,"starch","06A"
"PZA03659.1",0.0040390952857854,97.7960819176919,"starch","06A"
"PZA00224.4",0.0162116136470951,97.7960819176919,"starch","06A"
"PZA03184.2",-0.106613351811699,97.7960819176919,"starch","06A"
"PZA01735.1",-0.018217072737574,97.7960819176919,"starch","06A"
"PZA03529.1",-0.0720580657452033,97.7960819176919,"starch","06A"
"PZA02890.4",0.0140990429605659,97.7960819176919,"starch","06A"
"PHM3055.9",-0.0616509490655045,97.7960819176919,"starch","06A"
"PZA00824.2",0.101040622022085,97.7960819176919,"starch","06A"
"PHM3668.12",0.071382995919145,97.7960819176919,"starch","06A"
"PZA02017.1",0.0903830677583536,97.7960819176919,"starch","06A"
"PHM7953.11",0.04566424431446,97.7960819176919,"starch","06A"
"PZA00803.3",-0.0127970680312822,97.7960819176919,"starch","06A"
"PZA02731.1",0.0677562788527056,97.7960819176919,"starch","06A"
"PHM16125.47",0.0787852305740891,97.7960819176919,"starch","06A"
"PZB01103.2",0.0970707111253837,97.7960819176919,"starch","06A"
"PHM14412.4",-0.143198896269489,97.7960819176919,"starch","06A"
"PZA03165.1",-0.0876791062891133,97.7960819176919,"starch","06A"
"PZA02077.1",-0.011669116560029,97.7960819176919,"starch","06A"
"PZA01885.2",-0.0613707673005313,97.7960819176919,"starch","06A"
"PZA00390.7",-0.0709231992527988,97.7960819176919,"starch","06A"
"PZA02964.7",0.097528800469034,97.7960819176919,"starch","06A"
"PZB00772.7",0.101370337895635,97.7960819176919,"starch","06A"
"PZA03602.1",-0.0756441439341021,97.7960819176919,"starch","06A"
"PZA02456.1",0.0384696981395281,97.7960819176919,"starch","06A"
"PZA00804.1",0.123004852022378,97.7960819176919,"starch","06A"
"PZA02680.1",0.0546678361472154,97.7960819176919,"starch","06A"
"PZA02471.5",0.0530268220485044,97.7960819176919,"starch","06A"
"PZA02418.2",0.035421244141818,97.7960819176919,"starch","06A"
"PZA00527.10",0.120231563634998,97.7960819176919,"starch","06A"
"PZA02453.1",0.06533230822032,97.7960819176919,"starch","06A"
"PZA00163.4",-0.040060182822931,97.7960819176919,"starch","06A"
"PZA01991.3",-0.0627532924896615,97.7960819176919,"starch","06A"
"PZA02564.2",-0.0374236049617837,97.7960819176919,"starch","06A"
"PZB01013.1",0.0620531125395197,97.7960819176919,"starch","06A"
"PZA02266.3",0.054915289810747,97.7960819176919,"starch","06A"
"PZA01895.1",0.0574327000302799,97.7960819176919,"starch","06A"
"PZA01352.5",-0.138142398232111,97.7960819176919,"starch","06A"
"PZA02727.1",-0.0155323515526292,97.7960819176919,"starch","06A"
"PZA02170.1",0.0983632204768358,97.7960819176919,"starch","06A"
"PHM3094.23",-0.00713164524572996,97.7960819176919,"starch","06A"
"PZA00309.1",-0.0329590814062227,97.7960819176919,"starch","06A"
"PZA02090.1",0.0752220939485604,97.7960819176919,"starch","06A"
"PZD00038.2",0.063352791652972,97.7960819176919,"starch","06A"
"PZA02678.1",0.0206952817633341,97.7960819176919,"starch","06A"
"PHM12859.7",0.0183548432192491,97.7960819176919,"starch","06A"
"PZA00100.10",0.0128258405280926,97.7960819176919,"starch","06A"
"PZA03527.1",0.00398837808230647,97.7960819176919,"starch","06A"
"PZA03212.3",-0.0939630729521682,97.7960819176919,"starch","06A"
"PZA00749.1",-0.119469993885603,97.7960819176919,"starch","06A"
"PZA02098.2",0.000983152407810208,97.7960819176919,"starch","06A"
"PZA01765.1",-0.0849215546905014,97.7960819176919,"starch","06A"
"PHM4204.69",0.0277360349376672,97.7960819176919,"starch","06A"
"PZA00508.2",0.0188324502157285,97.7960819176919,"starch","06A"
"PHM4145.18",0.103233787571267,97.7960819176919,"starch","06A"
"PZA02427.1",0.0284132881099007,97.7960819176919,"starch","06A"
"PHM2343.25",0.0956551743785988,97.7960819176919,"starch","06A"
"PZA03054.5",0.162234392655394,97.7960819176919,"starch","06A"
"PZA01473.1",0.0817539241249442,97.7960819176919,"starch","06A"
"PZA00348.11",0.0978562657122864,97.7960819176919,"starch","06A"
"PZA02255.2",-0.0467063100017526,97.7960819176919,"starch","06A"
"zb21.1",-0.118479415857927,97.7960819176919,"starch","06A"
"PZA00380.10",0.0434850064316891,97.7960819176919,"starch","06A"
"PHM13823.7",0.00144614964894056,97.7960819176919,"starch","06A"
"PZA00297.2",0.0281940439765248,97.7960819176919,"starch","06A"
"PZA01114.2",0.0963090068818589,97.7960819176919,"starch","06A"
"PZA03070.9",-0.0583065986094363,97.7960819176919,"starch","06A"
"PHM15899.9",-0.0647537267717096,97.7960819176919,"starch","06A"
"PZA00581.3",-0.105372551333039,97.7960819176919,"starch","06A"
"PZA00279.2",0.0306514525776308,97.7960819176919,"starch","06A"
"PHM15474.5",0.060048665287827,97.7960819176919,"starch","06A"
"PZA01447.1",0.0471931717349627,97.7960819176919,"starch","06A"
"PZA03119.1",0.10922957056859,97.7960819176919,"starch","06A"
"PZA00265.6",-0.269247565391503,97.7960819176919,"starch","06A"
"PZA02589.1",-0.10322435711956,97.7960819176919,"starch","06A"
"PZA00509.1",0.0860429735440206,97.7960819176919,"starch","06A"
"PZA02699.1",0.0876126417628871,97.7960819176919,"starch","06A"
"PZA02134.3",0.00816621115971312,97.7960819176919,"starch","06A"
"PHM5502.31",0.0696073354141851,97.7960819176919,"starch","06A"
"PZA02742.1",-0.0604554485172274,97.7960819176919,"starch","06A"
"PZA02645.2",0.0228181824374252,97.7960819176919,"starch","06A"
"PZA00707.9",-0.0128047585561437,97.7960819176919,"starch","06A"
"PZA02619.1",-0.0044024149173061,97.7960819176919,"starch","06A"
"PZA03198.3",-0.091976096295428,97.7960819176919,"starch","06A"
"PHM15449.10",-0.147475233798931,97.7960819176919,"starch","06A"
"PZA00363.7",-0.0511477117218689,97.7960819176919,"starch","06A"
"PZD00016.4",-0.0555080521764688,97.7960819176919,"starch","06A"
"PZD00015.5",0.0351618119535178,97.7960819176919,"starch","06A"
"PZB02002.1",-0.0314471902749942,97.7960819176919,"starch","06A"
"PHM1745.16",-0.0168819598373489,97.7960819176919,"starch","06A"
"PZA00920.1",0.0570927924255125,97.7960819176919,"starch","06A"
"PHM890.20",0.0375528232653164,97.7960819176919,"starch","06A"
"PZB02044.1",0.0160227645654219,97.7960819176919,"starch","06A"
"PZB02122.1",-0.0307986651860621,97.7960819176919,"starch","06A"
"PZA00827.1",-0.0849353992179572,97.7960819176919,"starch","06A"
"PZA00948.1",-0.0683590882568614,97.7960819176919,"starch","06A"
"PZB02179.1",-0.153892706909235,97.7960819176919,"starch","06A"
"PZA00828.2",-0.058396440612371,97.7960819176919,"starch","06A"
"PHM9914.11",-0.0740459501348839,97.7960819176919,"starch","06A"
"PZA00667.2",-0.0171007523578906,97.7960819176919,"starch","06A"
"PZA01396.1",-0.095354629648947,97.7960819176919,"starch","06A"
"PZA00186.4",-0.0402599187267707,97.7960819176919,"starch","06A"
"PHM2885.31",-0.0130963218626781,97.7960819176919,"starch","06A"
"PHM1959.26",-0.0696208814160804,97.7960819176919,"starch","06A"
"PZD00027.2",-0.0511362402865525,97.7960819176919,"starch","06A"
"PZA02402.1",-0.00246835469806076,97.7960819176919,"starch","06A"
"PZA03032.19",-0.0354315118933853,97.7960819176919,"starch","06A"
"PZA00783.1",0.0191492434696331,97.7960819176919,"starch","06A"
"PZA02212.1",-0.00342668855730689,97.7960819176919,"starch","06A"
"PHM17210.5",-0.0794206206769953,97.7960819176919,"starch","06A"
"PZA01962.12",-0.0378445300251533,97.7960819176919,"starch","06A"
"PZA02654.3",0.0397786402821736,97.7960819176919,"starch","06A"
"PHM1675.29",-0.13711302067587,97.7960819176919,"starch","06A"
"PZA03733.1",0.0482023725337938,97.7960819176919,"starch","06A"
"PZA03735.1",0.0410954404567607,97.7960819176919,"starch","06A"
"zb27.1",-0.000164622736293906,97.7960819176919,"starch","06A"
"PZA03647.1",0.145569180686316,97.7960819176919,"starch","06A"
"PZA00494.2",0.0739183845028002,97.7960819176919,"starch","06A"
"PZA01228.2",0.0241011629442428,97.7960819176919,"starch","06A"
"PHM824.17",-0.0649926339415346,97.7960819176919,"starch","06A"
"PZA03743.1",-0.0239751373653822,97.7960819176919,"starch","06A"
"PZA03744.1",-0.0616046142409998,97.7960819176919,"starch","06A"
"PHM13673.53",0.109908604864528,97.7960819176919,"starch","06A"
"PZA03255.1",0.0683860056425259,97.7960819176919,"starch","06A"
"PZB01109.1",-0.110937938809441,97.7960819176919,"starch","06A"
"PZA01035.1",0.0606070566403426,97.7960819176919,"starch","06A"
"PZA00308.24",0.0665834452272549,97.7960819176919,"starch","06A"
"PZA01457.1",0.0141321787646442,97.7960819176919,"starch","06A"
"PZA02122.9",0.0695662612369878,97.7960819176919,"starch","06A"
"PZA01501.1",0.0349881944821353,97.7960819176919,"starch","06A"
"PZA00892.5",0.020127653493994,97.7960819176919,"starch","06A"
"PZA03154.4",-0.0386187675038864,97.7960819176919,"starch","06A"
"PZA02733.1",0.12421836226581,97.7960819176919,"starch","06A"
"PZA02516.1",0.135023349226945,97.7960819176919,"starch","06A"
"PZA02616.1",0.0828147810458569,97.7960819176919,"starch","06A"
"PZB01457.1",0.114222414583649,97.7960819176919,"starch","06A"
"PZA03146.4",-0.0939553329377731,97.7960819176919,"starch","06A"
"sh2.21",0.05709915385895,97.7960819176919,"starch","06A"
"PZA00750.1",0.0331965137630434,97.7960819176919,"starch","06A"
"PZA01154.1",0.0445710071617473,97.7960819176919,"starch","06A"
"PHM3342.31",-0.0261053355860009,97.7960819176919,"starch","06A"
"PZA02665.2",-0.0516761313918771,97.7960819176919,"starch","06A"
"PZA01233.1",-0.0739824755005733,97.7960819176919,"starch","06A"
"PZA02514.1",0.120130335505434,97.7960819176919,"starch","06A"
"PZA02824.4",0.155460802407541,97.7960819176919,"starch","06A"
"PZA02668.2",0.109871485188808,97.7960819176919,"starch","06A"
"PZA00219.7",0.0849211083375511,97.7960819176919,"starch","06A"
"PZA03391.1",-0.0541298516783063,97.7960819176919,"starch","06A"
"PHM2672.19",-0.0475629721444999,97.7960819176919,"starch","06A"
"PZA00402.1",0.076742723289655,97.7960819176919,"starch","06A"
"PZA00316.10",-0.0584057113039618,97.7960819176919,"starch","06A"
"PZA01688.3",-0.0453134019103613,97.7960819176919,"starch","06A"
"PZA01360.3",0.0510489093524929,97.7960819176919,"starch","06A"
"PZA02182.1",-0.0502896801778968,97.7960819176919,"starch","06A"
"PHM2423.33",0.0537719878024562,97.7960819176919,"starch","06A"
"PZA00088.3",0.0203469949167746,97.7960819176919,"starch","06A"
"PZA02509.15",-0.130464464545761,97.7960819176919,"starch","06A"
"PHM3301.28",0.0765227663928442,97.7960819176919,"starch","06A"
"PZA00436.7",-0.0616948096832251,97.7960819176919,"starch","06A"
"PZA00683.4",0.231961350893375,97.7960819176919,"starch","06A"
"PZA00975.1",-0.00523780308548581,97.7960819176919,"starch","06A"
"PZA02358.1",0.0940915298728812,97.7960819176919,"starch","06A"
"PZA02138.1",-0.0654246004706211,97.7960819176919,"starch","06A"
"PZA01122.1",0.0116274199793654,97.7960819176919,"starch","06A"
"PZA02385.6",-0.0362930165345574,97.7960819176919,"starch","06A"
"PHM8527.2",-0.0972359520804829,97.7960819176919,"starch","06A"
"PZA00139.4",-0.0361130971969424,97.7960819176919,"starch","06A"
"PZA01422.3",0.0803880842692093,97.7960819176919,"starch","06A"
"PZA02002.1",-0.00908277410621294,97.7960819176919,"starch","06A"
"PZA02457.1",-0.0688810515717684,97.7960819176919,"starch","06A"
"PZA02705.1",0.0286237384334439,97.7960819176919,"starch","06A"
"PHM15427.11",-0.0422958612527342,97.7960819176919,"starch","06A"
"PHM13623.14",-0.021377228757398,97.7960819176919,"starch","06A"
"PZA01106.3",0.00708355952853654,97.7960819176919,"starch","06A"
"PHM5572.19",0.0844751149392547,97.7960819176919,"starch","06A"
"PZA01713.4",-0.12136671486131,97.7960819176919,"starch","06A"
"PZA00541.1",-0.0405787336781626,97.7960819176919,"starch","06A"
"PZA03247.1",0.0401460960179732,97.7960819176919,"starch","06A"
"PZA03385.1",0.103912469248227,97.7960819176919,"starch","06A"
"PZA01751.2",0.110631016926093,97.7960819176919,"starch","06A"
"PZA00445.22",-0.0188631077436846,97.7960819176919,"starch","06A"
"PZA01759.1",-0.0934044604246024,97.7960819176919,"starch","06A"
"PHM14055.6",0.0235728694662785,97.7960819176919,"starch","06A"
"PHM1307.11",-0.0257944108098911,97.7960819176919,"starch","06A"
"PZA03254.1",-0.0535015043477963,97.7960819176919,"starch","06A"
"PZA03587.1",-0.046022271283261,97.7960819176919,"starch","06A"
"PZA03597.1",0.000827205564941593,97.7960819176919,"starch","06A"
"PZA03270.2",-0.110220007344778,97.7960819176919,"starch","06A"
"PZA00218.1",-0.0288517784669398,97.7960819176919,"starch","06A"
"PZA02767.1",0.00296716163222116,97.7960819176919,"starch","06A"
"PZA03564.1",0.101626840967152,97.7960819176919,"starch","06A"
"PZA03203.2",-0.0160343629031009,97.7960819176919,"starch","06A"
"PZA00104.1",-0.0826603789982955,97.7960819176919,"starch","06A"
"PZA03231.1",0.0848877407074354,97.7960819176919,"starch","06A"
"PZB00093.7",0.0247300108169224,97.7960819176919,"starch","06A"
"PZA00704.1",-0.0342608909110817,97.7960819176919,"starch","06A"
"PZA03409.1",0.092889587550298,97.7960819176919,"starch","06A"
"PZA03459.1",-0.0542829239324507,97.7960819176919,"starch","06A"
"PZA02147.1",-0.0675698646606343,97.7960819176919,"starch","06A"
"PZA03152.3",-0.0491944755631677,97.7960819176919,"starch","06A"
"PZA02982.7",-0.0715496360175148,97.7960819176919,"starch","06A"
"PZA02992.15",0.0320310717670115,97.7960819176919,"starch","06A"
"PZA00057.2",0.0734370622868244,97.7960819176919,"starch","06A"
"PZA01926.1",0.22382131528939,97.7960819176919,"starch","06A"
"PZA03116.1",0.0582034274581708,97.7960819176919,"starch","06A"
"PZA00453.2",-0.0573334544986993,97.7960819176919,"starch","06A"
"PZA01289.1",-0.0991370486014449,97.7960819176919,"starch","06A"
"PZA00271.1",0.022762489533849,97.7960819176919,"starch","06A"
"PZA01477.3",0.0214268608575113,97.7960819176919,"starch","06A"
"PZA01681.1",-0.0923760809884746,97.7960819176919,"starch","06A"
"PZA01187.1",0.0470980709316786,97.7960819176919,"starch","06A"
"PZD00030.2",-0.0617900337980024,97.7960819176919,"starch","06A"
"PHM3637.14",-0.00556862830908389,97.7960819176919,"starch","06A"
"PZA01976.9",0.0241987889054628,97.7960819176919,"starch","06A"
"PZA02194.1",-0.0644610523009644,97.7960819176919,"starch","06A"
"PZA02289.2",-0.141774694805123,97.7960819176919,"starch","06A"
"PZA01766.1",-0.0627219376023686,97.7960819176919,"starch","06A"
"PZA01954.1",-0.105075303979429,97.7960819176919,"starch","06A"
"PZA00941.2",-0.00653968152701747,97.7960819176919,"starch","06A"
"PZA00344.10",0.00170468192845922,97.7960819176919,"starch","06A"
"PZB01461.1",-0.0315434120893392,97.7960819176919,"starch","06A"
"PZA00332.5",0.0300093377793224,97.7960819176919,"starch","06A"
"PZA00193.2",0.0634134243704565,97.7960819176919,"starch","06A"
"PZA01790.1",-0.0505323785364462,97.7960819176919,"starch","06A"
"PZA03205.1",0.0126678826223665,97.7960819176919,"starch","06A"
"PZA01810.2",-0.0214882912836391,97.7960819176919,"starch","06A"
"PZA01566.1",0.167959680668843,97.7960819176919,"starch","06A"
"PZA02421.1",-0.0319315474712652,97.7960819176919,"starch","06A"
"PZA02614.2",0.118452115745484,97.7960819176919,"starch","06A"
"PZA02779.1",-0.0226654950727304,97.7960819176919,"starch","06A"
"PZA01332.2",0.103478342599186,97.7960819176919,"starch","06A"
"PZA03081.1",0.0358407684315942,97.7960819176919,"starch","06A"
"PZB01021.1",-0.0522031179541716,97.7960819176919,"starch","06A"
"PZA02479.1",0.00952480233243869,97.7960819176919,"starch","06A"
"PZA00155.1",0.0317057767760526,97.7960819176919,"starch","06A"
"PZA03155.3",-0.0236536525478864,97.7960819176919,"starch","06A"
"PZA00878.2",0.0296066380725092,97.7960819176919,"starch","06A"
"PZA00521.3",-0.019626035800669,97.7960819176919,"starch","06A"
"PZA00694.6",0.193550156480424,97.7960819176919,"starch","06A"
"PZA02151.3",0.00791866628956998,97.7960819176919,"starch","06A"
"PZA00513.1",-0.022673420198906,97.7960819176919,"starch","06A"
"PHM5599.20",0.0580519092140569,97.7960819176919,"starch","06A"
"PZA02585.2",-0.113255760896994,97.7960819176919,"starch","06A"
"PZA00529.4",-0.0271520887367065,97.7960819176919,"starch","06A"
"PHM5665.26",-0.0204162610075809,97.7960819176919,"starch","06A"
"PHM2100.21",0.0237308192241523,97.7960819176919,"starch","06A"
"PZA03598.1",-0.133361174006604,97.7960819176919,"starch","06A"
"PZA01905.12",0.111841288249311,97.7960819176919,"starch","06A"
"PZA02239.12",0.0377242078071971,97.7960819176919,"starch","06A"
"PZA01887.1",-0.0213171155113815,97.7960819176919,"starch","06A"
"PZA02367.1",-0.0510213409671407,97.7960819176919,"starch","06A"
"PZA00191.5",-0.089750670097316,97.7960819176919,"starch","06A"
"PZA01438.1",0.0117169844306406,97.7960819176919,"starch","06A"
"PZA02316.22",-0.0855443188237223,97.7960819176919,"starch","06A"
"PZA01570.1",-0.0899849822355146,97.7960819176919,"starch","06A"
"PHM13122.43",-0.0570162449025743,97.7960819176919,"starch","06A"
"PZA02653.12",0.0873987391290549,97.7960819176919,"starch","06A"
"PZA02462.1",0.086557399805589,97.7960819176919,"starch","06A"
"PZB00054.3",0.0489887499484805,97.7960819176919,"starch","06A"
"PZA02753.1",-0.00117844683956372,97.7960819176919,"starch","06A"
"PHM3137.17",-0.0457345085213448,97.7960819176919,"starch","06A"
"PZB00094.1",0.0137587281540331,97.7960819176919,"starch","06A"
"PZA02029.21",-0.0556941617536922,97.7960819176919,"starch","06A"
"PZA01371.1",-0.022844323862399,97.7960819176919,"starch","06A"
"PZA01925.1",0.0641829572229509,97.7960819176919,"starch","06A"
"PZA00865.1",-0.060146253708924,97.7960819176919,"starch","06A"
"PZB00079.4",-0.000557808048219702,97.7960819176919,"starch","06A"
"PZA01284.6",0.0692585630178952,97.7960819176919,"starch","06A"
"PZA03092.7",-0.0161474873399067,97.7960819176919,"starch","06A"
"PZA00112.5",-0.185166248829357,97.7960819176919,"starch","06A"
"PZA00985.1",-0.047027994564808,97.7960819176919,"starch","06A"
"PZA01327.1",-0.0028010474419928,97.7960819176919,"starch","06A"
"PZA01523.1",0.0616757280410956,97.7960819176919,"starch","06A"
"PZA00517.7",-0.0981489981981273,97.7960819176919,"starch","06A"
"PZA03226.3",0.0137655071945546,97.7960819176919,"starch","06A"
"PZA03274.4",-0.0813615630493129,97.7960819176919,"starch","06A"
"PZA01427.1",0.0192915222313123,97.7960819176919,"starch","06A"
"PZA00934.2",0.111615856922072,97.7960819176919,"starch","06A"
"PZA02113.1",-0.0336536974045778,97.7960819176919,"starch","06A"
"PZA00801.1",-0.0198000785837238,97.7960819176919,"starch","06A"
"PZB00869.4",0.00466624927507623,97.7960819176919,"starch","06A"
"PZA01563.1",0.0804328107545937,97.7960819176919,"starch","06A"
"PZA00499.3",-0.0919248026457673,97.7960819176919,"starch","06A"
"PHM16854.3",0.00854732865703082,97.7960819176919,"starch","06A"
"PZA00981.3",-0.0174331346782726,97.7960819176919,"starch","06A"
"PZA00996.1",-0.0832946931375219,97.7960819176919,"starch","06A"
"PZA01530.1",-0.0786767488667195,97.7960819176919,"starch","06A"
"PHM3691.18",-0.00658845133720172,97.7960819176919,"starch","06A"
"PHM12992.5",0.0724196875197782,97.7960819176919,"starch","06A"
"PZA02207.1",0.0358178434020443,97.7960819176919,"starch","06A"
"PZA00805.1",-0.0921491155883106,97.7960819176919,"starch","06A"
"PZA01804.1",-0.176751334251124,97.7960819176919,"starch","06A"
"PZA00222.7",0.0943015311429432,97.7960819176919,"starch","06A"
"PHM1870.20",0.0392488673523916,97.7960819176919,"starch","06A"
"PZA03451.5",0.0406833556918607,97.7960819176919,"starch","06A"
"PZA02676.2",-0.0339465187428759,97.7960819176919,"starch","06A"
"PZB01115.3",-0.112799960374713,97.7960819176919,"starch","06A"
"PHM3171.5",-0.0135769482463278,97.7960819176919,"starch","06A"
"PZA01050.1",0.0569392483368027,97.7960819176919,"starch","06A"
"PZB00232.2",-0.00546121386424964,97.7960819176919,"starch","06A"
"PHM4165.14",0.0386098914772047,97.7960819176919,"starch","06A"
"PZB01112.1",0.0310685854382278,97.7960819176919,"starch","06A"
"PZA01349.2",-0.170570554559242,97.7960819176919,"starch","06A"
"PZA02525.1",0.0026125638088063,97.7960819176919,"starch","06A"
"PZA03677.1",0.00248166997826237,97.7960819176919,"starch","06A"
"PHM5798.39",0.0413647953999057,97.7960819176919,"starch","06A"
"PZA01303.1",-0.0129645033779192,97.7960819176919,"starch","06A"
"PZA00261.6",0.0116955994384518,97.7960819176919,"starch","06A"
"PZA02818.6",0.0418554462330464,97.7960819176919,"starch","06A"
"PZA01779.1",0.0107554582792178,97.7960819176919,"starch","06A"
"PZA00273.5",0.0353638863823073,97.7960819176919,"starch","06A"
"PZA01693.1",-0.0787540132656411,97.7960819176919,"starch","06A"
"PZA03049.24",-0.00143869122432486,97.7960819176919,"starch","06A"
"PZA00643.13",0.147143529601894,97.7960819176919,"starch","06A"
"PZA00881.1",0.0247157665600675,97.7960819176919,"starch","06A"
"PZA02164.16",-0.133965376500767,97.7960819176919,"starch","06A"
"PZA01365.1",0.0384099769008983,97.7960819176919,"starch","06A"
"PZA00067.10",0.107192169473332,97.7960819176919,"starch","06A"
"PZB01017.1",-0.0225839309403363,97.7960819176919,"starch","06A"
"PZA01608.1",0.0426643437076576,97.7960819176919,"starch","06A"
"PZA01796.1",0.0192301564189142,97.7960819176919,"starch","06A"
"PZA02981.2",-0.0967552381558156,97.7960819176919,"starch","06A"
"PZA01763.2",0.0383688764211768,97.7960819176919,"starch","06A"
"PZA02641.2",-0.0238557700271188,97.7960819176919,"starch","06A"
"PZA00255.14",0.0747036222217102,97.7960819176919,"starch","06A"
"PZA02040.2",-0.0242427306654181,97.7960819176919,"starch","06A"
"PZA00300.14",0.00788964237927997,97.7960819176919,"starch","06A"
"PZA00987.1",0.123666259447396,97.7960819176919,"starch","06A"
"PZA01410.1",0.0668828552985552,97.7960819176919,"starch","06A"
"PZA03717.1",0.0737295939642949,97.7960819176919,"starch","06A"
"PZA03714.1",0.000750147186601401,97.7960819176919,"starch","06A"
"PZA01304.1",-0.0678435121461049,97.7960819176919,"starch","06A"
"PZA02633.4",0.0998121851402377,97.7960819176919,"starch","06A"
"PZA02408.2",0.0237433101358571,97.7960819176919,"starch","06A"
"PZA02209.2",-0.0118546262003555,97.7960819176919,"starch","06A"
"PZA02356.7",0.0117764650635674,97.7960819176919,"starch","06A"
"PHM5296.6",-0.0737967387402863,97.7960819176919,"starch","06A"
"PZA03324.1",0.0122851404562908,97.7960819176919,"starch","06A"
"PZA01575.1",-0.049398645597029,97.7960819176919,"starch","06A"
"PZA03452.6",0.0599955040684015,97.7960819176919,"starch","06A"
"PZA03172.3",0.0289709620234124,97.7960819176919,"starch","06A"
"PZA02383.1",0.0115967623942346,97.7960819176919,"starch","06A"
"PZA02751.1",-0.0947353668878363,97.7960819176919,"starch","06A"
"PZA03320.6",0.132304019076067,97.7960819176919,"starch","06A"
"PZA00352.23",0.0800605504950722,97.7960819176919,"starch","06A"
"PZA02426.1",0.0568019361828734,97.7960819176919,"starch","06A"
"PZA02411.3",-0.0696166721772864,97.7960819176919,"starch","06A"
"PHM532.23",-0.0302772950136686,97.7960819176919,"starch","06A"
"PZA00652.17",-0.00303029366445747,97.7960819176919,"starch","06A"
"PZA03024.16",0.0427149604277481,97.7960819176919,"starch","06A"
"PZA01142.4",-0.102941428518756,97.7960819176919,"starch","06A"
"PZA02820.17",-0.0732982338332936,97.7960819176919,"starch","06A"
"PZA01265.1",-0.0853894105104235,97.7960819176919,"starch","06A"
"PZB00765.1",-0.113157317892558,97.7960819176919,"starch","06A"
"PZA02060.1",-0.0442175191321682,97.7960819176919,"starch","06A"
"PZA02513.1",0.110431296297166,97.7960819176919,"starch","06A"
"PZA02667.1",-0.0312980993705323,97.7960819176919,"starch","06A"
"PZA00395.2",0.209123771107878,97.7960819176919,"starch","06A"
"PHM3512.186",-0.0767464577858363,97.7960819176919,"starch","06A"
"PZA00980.1",-0.0633364751751051,97.7960819176919,"starch","06A"
"PZA02068.1",-0.0494735668336762,97.7960819176919,"starch","06A"
"PZA02015.11",0.107877368657117,97.7960819176919,"starch","06A"
"PZA03167.5",0.0386537080155858,97.7960819176919,"starch","06A"
"PZA01259.1",0.106469582215447,97.7960819176919,"starch","06A"
"PZA01680.3",-0.0174600164669553,97.7960819176919,"starch","06A"
"PZA00836.1",-0.0260306584295842,97.7960819176919,"starch","06A"
"PZA01140.1",-0.0218151281426916,97.7960819176919,"starch","06A"
"PZA02390.1",0.119674882795204,97.7960819176919,"starch","06A"
"PZA02480.1",0.0818762464973766,97.7960819176919,"starch","06A"
"PZA02769.1",0.0521208607289862,97.7960819176919,"starch","06A"
"PHM15961.13",0.0102267820515732,97.7960819176919,"starch","06A"
"PZA00158.2",-0.233176360693076,97.7960819176919,"starch","06A"
"PZA03047.12",0.0924535920468728,97.7960819176919,"starch","06A"
"PZA02948.24",0.0517925590058326,97.7960819176919,"starch","06A"
"PZA03063.21",0.153991774684574,97.7960819176919,"starch","06A"
"PZA01901.1",0.026212526585114,97.7960819176919,"starch","06A"
"PZA01509.1",0.0406322826878966,97.7960819176919,"starch","06A"
"PZA03120.1",-0.0690858178683691,97.7960819176919,"starch","06A"
"PZA01527.1",0.0569486338627745,97.7960819176919,"starch","06A"
"PZA00355.2",-0.0682191879810336,97.7960819176919,"starch","06A"
"PZA00427.3",0.0206175774559563,97.7960819176919,"starch","06A"
"PZA00543.12",-0.0422535583449457,97.7960819176919,"starch","06A"
"PZA02606.1",-0.0510852268138727,97.7960819176919,"starch","06A"
"PZD00072.2",0.0248603064146077,97.7960819176919,"starch","06A"
"PZA00006.17",0.0225721055804925,97.7960819176919,"starch","06A"
"PHM2551.31",-0.0130839780455414,97.7960819176919,"starch","06A"
"PZA00214.1",-0.00777245100676235,97.7960819176919,"starch","06A"
"PHM8909.12",-0.097681714797914,97.7960819176919,"starch","06A"
"PZA03488.1",-0.109772154149197,97.7960819176919,"starch","06A"
"PZA00942.2",-0.0239441160070509,97.7960819176919,"starch","06A"
"PZB01658.1",0.117071629148097,97.7960819176919,"starch","06A"
"PZA03461.1",-0.00568889775890403,97.7960819176919,"starch","06A"
"PZA01029.1",0.0803810992125471,97.7960819176919,"starch","06A"
"PZA02048.2",-0.0100055618132828,97.7960819176919,"starch","06A"
"PZA01589.2",0.074411813975089,97.7960819176919,"starch","06A"
"PZA01736.1",0.138643556467936,97.7960819176919,"starch","06A"
"PZA00382.17",0.0815996035636381,97.7960819176919,"starch","06A"
"PZA01055.1",0.0410439268642061,97.7960819176919,"starch","06A"
"lac1.3",0.046790808380598,97.7960819176919,"starch","06A"
"PZA00571.1",-0.068554335919687,97.7960819176919,"starch","06A"
"PZA01729.1",-0.0899757069056939,97.7960819176919,"starch","06A"
"PHM13020.10",-0.104408567528156,97.7960819176919,"starch","06A"
"PZA00473.5",0.025196370256842,97.7960819176919,"starch","06A"
"PZA01591.1",-0.0353983061612222,97.7960819176919,"starch","06A"
"PZA01618.2",0.00538096843641895,97.7960819176919,"starch","06A"
"PZA01552.1",0.0107815223064333,97.7960819176919,"starch","06A"
"PZB00414.2",0.055886831419938,97.7960819176919,"starch","06A"
"PZA01884.1",0.0753380770167783,97.7960819176919,"starch","06A"
"PZA00357.19",-0.0120161576906938,97.7960819176919,"starch","06A"
"PZA02262.3",-0.00719498035916205,97.7960819176919,"starch","06A"
"PZA02328.5",-0.126133485768381,97.7960819176919,"starch","06A"
"PZA02478.7",0.0675118077790458,97.7960819176919,"starch","06A"
"PZA02673.1",0.0084047843098498,97.7960819176919,"starch","06A"
"PZA02148.1",-0.0667180415231668,97.7960819176919,"starch","06A"
"PZB00942.1",0.0305385573137895,97.7960819176919,"starch","06A"
"PZB01308.1",-0.0997709458117546,97.7960819176919,"starch","06A"
"PZA03102.9",0.0989395327758988,97.7960819176919,"starch","06A"
"PZA02247.1",0.0629618331922262,97.7960819176919,"starch","06A"
"PHM11985.27",-0.161022921722932,97.7960819176919,"starch","06A"
"PZA01144.1",0.0108369926279102,97.7960819176919,"starch","06A"
"PZA01342.2",-0.0409982748267815,97.7960819176919,"starch","06A"
"PZA02436.1",0.0863247349227024,97.7960819176919,"starch","06A"
"PZA01672.1",-0.103310764549739,97.7960819176919,"starch","06A"
"PZA03027.12",0.0970175276022787,97.7960819176919,"starch","06A"
"PHM5794.13",0.0168150678482997,97.7960819176919,"starch","06A"
"PZA00223.4",0.0433224472836338,97.7960819176919,"starch","06A"
"PHM4748.16",0.0482384149831654,97.7960819176919,"starch","06A"
"PZB01569.7",-0.0399459595385137,97.7960819176919,"starch","06A"
"PZA00266.7",0.179544456796883,97.7960819176919,"starch","06A"
"PZA01468.1",-0.011045759167517,97.7960819176919,"starch","06A"
"PHM7922.8",-0.103350431677749,97.7960819176919,"starch","06A"
"PZA00889.2",-0.0399833803795148,97.7960819176919,"starch","06A"
"PZA00821.1",0.0113109384077149,97.7960819176919,"starch","06A"
"PZA02688.2",0.0679981355251281,97.7960819176919,"starch","06A"
"PZB01222.1",0.129824791400332,97.7960819176919,"starch","06A"
"PZA02141.1",0.00129723697955288,97.7960819176919,"starch","06A"
"PZA00910.1",0.0175696268198084,97.7960819176919,"starch","06A"
"PZA01875.1",0.189353453588928,97.7960819176919,"starch","06A"
"PHM4468.13",0.0861318778555813,97.7960819176919,"starch","06A"
"PZA01426.1",0.108152079792171,97.7960819176919,"starch","06A"
"PZA02035.5",0.00833803442128202,97.7960819176919,"starch","06A"
"PHM9241.13",0.113655909495626,97.7960819176919,"starch","06A"
"PHM3078.12",-0.0317946441279926,97.7960819176919,"starch","06A"
"PZA02872.1",-0.00853614700560521,97.7960819176919,"starch","06A"
"PZA00256.27",-0.0495663195340561,97.7960819176919,"starch","06A"
"PZA03624.1",0.00464533037236493,97.7960819176919,"starch","06A"
"PHM4080.15",0.0743846680977024,97.7960819176919,"starch","06A"
"PZA03344.2",0.11748627778385,97.7960819176919,"starch","06A"
"PHM15501.9",-0.10859257691554,97.7960819176919,"starch","06A"
"PZA00132.17",-0.0204788808879532,97.7960819176919,"starch","06A"
"PHM4353.31",-0.0630594413557154,97.7960819176919,"starch","06A"
"PZA03687.1",0.000376204020945545,97.7960819176919,"starch","06A"
"PZA00084.2",0.00665338915820371,97.7960819176919,"starch","06A"
"PZA01230.1",0.0293398534176813,97.7960819176919,"starch","06A"
"PZA03723.1",0.0644699523020832,97.7960819176919,"starch","06A"
"PZA01936.4",-0.0153277547524261,97.7960819176919,"starch","06A"
"PZA02612.1",-0.0475952550816281,97.7960819176919,"starch","06A"
"PZA03363.1",0.0688696119608932,97.7960819176919,"starch","06A"
"PZA01445.1",-0.0296432964218516,97.7960819176919,"starch","06A"
"PZA01607.1",-0.0349510371130368,97.7960819176919,"starch","06A"
"PHM4818.15",-0.11594470995064,97.7960819176919,"starch","06A"
"PHM904.21",0.0919231094981392,97.7960819176919,"starch","06A"
"PZA00418.2",0.0938067989380669,97.7960819176919,"starch","06A"
"PHM12830.14",0.0657795835434167,97.7960819176919,"starch","06A"
"PZA03645.1",-0.0352213588332438,97.7960819176919,"starch","06A"
"PZA02291.1",0.0810080070145499,97.7960819176919,"starch","06A"
"PZA02018.1",0.00983647699074506,97.7960819176919,"starch","06A"
"PZA01113.1",0.094594788567511,97.7960819176919,"starch","06A"
"PZA01933.3",-0.0696070349751716,97.7960819176919,"starch","06A"
"PZA02236.1",0.0138084377442132,97.7960819176919,"starch","06A"
"PZA02365.7",-0.0396497670942175,97.7960819176919,"starch","06A"
"PZA00616.13",0.0991583498331688,97.7960819176919,"starch","06A"
"PZA01690.7",0.0201535429925299,97.7960819176919,"starch","06A"
"PZA01946.7",0.0713238014524796,97.7960819176919,"starch","06A"
"PZA00986.1",-0.00450844261276401,97.7960819176919,"starch","06A"
"PZA02352.1",0.0996983619830075,97.7960819176919,"starch","06A"
"PZA02643.1",-0.0905042247684027,97.7960819176919,"starch","06A"
"PZA01714.1",0.019495464636327,97.7960819176919,"starch","06A"
"PZA03583.1",-0.0578881054248557,97.7960819176919,"starch","06A"
"PZB00752.1",-0.214055228646586,97.7960819176919,"starch","06A"
"PZA00111.10",-0.219331397857065,97.7960819176919,"starch","06A"
"PZA00740.3",0.0220077121828638,97.7960819176919,"starch","06A"
"PZA02449.13",-0.0143378625766075,97.7960819176919,"starch","06A"
"PZA03728.1",0.0266320484255421,97.7960819176919,"starch","06A"
"PZA03166.1",-0.0828802359224364,97.7960819176919,"starch","06A"
"PZA02854.13",-0.0737258894883016,97.7960819176919,"starch","06A"
"PHM9162.135",-0.13089879952003,97.7960819176919,"starch","06A"
"PHM16437.20",0.0359576787942878,97.7960819176919,"starch","06A"
"PZA02722.1",-0.00511894326692046,97.7960819176919,"starch","06A"
"PZA03176.4",-0.147844487302773,97.7960819176919,"starch","06A"
"PZA02386.2",-0.0836903268542172,97.7960819176919,"starch","06A"
"PZA00795.1",-0.0599036516660172,97.7960819176919,"starch","06A"
"PZA02373.1",-0.0110406213615388,97.7960819176919,"starch","06A"
"PHM7898.10",-0.0655278690098312,97.7960819176919,"starch","06A"
"PZA02223.2",0.0601727154907654,97.7960819176919,"starch","06A"
"PHM10225.15",0.115804957529983,97.7960819176919,"starch","06A"
"PZA01533.2",0.0237511897320371,97.7960819176919,"starch","06A"
"PZA00505.6",-0.0885911871807706,97.7960819176919,"starch","06A"
"PZA01802.3",0.0358209309708163,97.7960819176919,"starch","06A"
"PZA01414.1",-0.034157344604437,97.7960819176919,"starch","06A"
"PZA01028.2",-0.00238586939974425,97.7960819176919,"starch","06A"
"PZA00386.4",0.00593918181806052,97.7960819176919,"starch","06A"
"PZA00695.3",-0.00739585271404265,97.7960819176919,"starch","06A"
"PZB00605.1",0.123843699592753,97.7960819176919,"starch","06A"
"PZA01278.2",0.108453420252279,97.7960819176919,"starch","06A"
"PZA01744.1",-0.0584359365196049,97.7960819176919,"starch","06A"
"PZA00424.1",0.152972568596702,97.7960819176919,"starch","06A"
"PZA01044.1",0.0210772467937909,97.7960819176919,"starch","06A"
"PZA02388.1",-0.0464365304744167,97.7960819176919,"starch","06A"
"PZA02174.2",0.036392767049648,97.7960819176919,"starch","06A"
"PZA01600.2",-0.0139152106502252,97.7960819176919,"starch","06A"
"PZA01623.3",-0.0158271770140464,97.7960819176919,"starch","06A"
"PZA00368.1",0.0197933940481527,97.7960819176919,"starch","06A"
"PZA00058.1",-0.248697973496128,97.7960819176919,"starch","06A"
"PZA00416.7",-0.0442528269391592,97.7960819176919,"starch","06A"
"PZA01601.1",0.0484009984516581,97.7960819176919,"starch","06A"
"PZA03178.1",-0.0476929236010184,97.7960819176919,"starch","06A"
"PZA01691.1",-0.0769340242879338,97.7960819176919,"starch","06A"
"PHM9695.8",0.0106559077117584,97.7960819176919,"starch","06A"
"PZA01951.1",-0.164182300304448,97.7960819176919,"starch","06A"
"PZA01079.1",-0.0174277514649621,97.7960819176919,"starch","06A"
"PZA02955.3",0.0882623590361842,97.7960819176919,"starch","06A"
"PZA01357.2",0.0540719767628817,97.7960819176919,"starch","06A"
"PZA02454.2",0.0107208957039202,97.7960819176919,"starch","06A"
"PHM1978.111",-0.0889546703246925,97.7960819176919,"starch","06A"
"PHM6428.11",0.0681937262342561,97.7960819176919,"starch","06A"
"PZA01186.1",0.00456798778012127,97.7960819176919,"starch","06A"
"PZA00758.1",-0.0489695877338864,97.7960819176919,"starch","06A"
"PHM2350.17",-0.00678761155260368,97.7960819176919,"starch","06A"
"PZA01196.2",0.109389574707062,97.7960819176919,"starch","06A"
"PZA00498.5",-0.140918712961454,97.7960819176919,"starch","06A"
"PZA01209.1",-0.0477313149259024,97.7960819176919,"starch","06A"
"PZA02203.1",-0.155104560305026,97.7960819176919,"starch","06A"
"PZA00793.2",-0.180847080019032,97.7960819176919,"starch","06A"
"PZA00379.2",0.0828283377641211,97.7960819176919,"starch","06A"
"PZA00717.15",0.0393638705278108,97.7960819176919,"starch","06A"
"PZA01257.1",0.00525221753280187,97.7960819176919,"starch","06A"
"PHM11114.7",-0.129384803273213,97.7960819176919,"starch","06A"
"PZA01470.1",0.00391746341584068,97.7960819176919,"starch","06A"
"PZA01301.1",0.153949948831677,97.7960819176919,"starch","06A"
"PZA01363.2",-0.0827505626895786,97.7960819176919,"starch","06A"
"PZA02522.1",0.069450074966307,97.7960819176919,"starch","06A"
"PZA01297.1",0.0618889123270609,97.7960819176919,"starch","06A"
"PZA02683.1",-0.18219011066706,97.7960819176919,"starch","06A"
"PHM3978.104",0.0576038720812903,97.7960819176919,"starch","06A"
"PZA00908.2",-0.188797235508611,97.7960819176919,"starch","06A"
"PZA03135.1",0.134092084258455,97.7960819176919,"starch","06A"
"PZA02019.1",-0.00685430472511885,97.7960819176919,"starch","06A"
"PZA03579.1",-0.0599828603318162,97.7960819176919,"starch","06A"
"PHM4134.8",-0.0260008261824087,97.7960819176919,"starch","06A"
"PZA00739.1",-0.0468516994096394,97.7960819176919,"starch","06A"
"PZA01972.14",-0.0799367223384623,97.7960819176919,"starch","06A"
"PZA02566.1",-0.0472151098139953,97.7960819176919,"starch","06A"
"PZA03012.7",0.0215540733817504,97.7960819176919,"starch","06A"
"PZA02748.3",0.13487300797604,97.7960819176919,"starch","06A"
"PZA03638.1",0.123799576487565,97.7960819176919,"starch","06A"
"PZA03639.1",0.0904384437254449,97.7960819176919,"starch","06A"
"PZA03637.1",0.141912018927318,97.7960819176919,"starch","06A"
"PHM3993.28",-0.0638094339269787,97.7960819176919,"starch","06A"
"PZB02155.1",0.108346898018508,97.7960819176919,"starch","06A"
"PZA01038.1",-0.0321829033988657,97.7960819176919,"starch","06A"
"PZA01049.1",0.071277069231465,97.7960819176919,"starch","06A"
"PHM5468.25",0.100394533522869,97.7960819176919,"starch","06A"
"PZA01787.1",0.087894357970779,97.7960819176919,"starch","06A"
"PHM14152.18",0.17399868595045,97.7960819176919,"starch","06A"
"PHM4203.11",-0.131495682520316,97.7960819176919,"starch","06A"
"PZA02033.1",-0.0855902432642904,97.7960819176919,"starch","06A"
"PHM448.23",-0.17767205614505,97.7960819176919,"starch","06A"
"PZA00090.1",0.011622185109461,97.7960819176919,"starch","06A"
"PZA02011.1",0.257093223002566,97.7960819176919,"starch","06A"
"PZA00429.1",0.0761670873611663,97.7960819176919,"starch","06A"
"PZA03650.1",-0.132216406475267,97.7960819176919,"starch","06A"
"PZA03651.1",-0.121913602316378,97.7960819176919,"starch","06A"
"PHM4757.14",-0.0591085401640947,97.7960819176919,"starch","06A"
"PZA03182.5",-0.0912589323829389,97.7960819176919,"starch","06A"
"PZA00951.1",-0.0554068070393792,97.7960819176919,"starch","06A"
"PHM12749.13",-0.125260676749159,97.7960819176919,"starch","06A"
"PHM15278.6",0.0784987764153176,97.7960819176919,"starch","06A"
"PZA03698.1",-0.00405444937311175,97.7960819176919,"starch","06A"
"PZA01741.1",0.0743140951265752,97.7960819176919,"starch","06A"
"PZA00838.2",-0.0847346941898323,97.7960819176919,"starch","06A"
"PHM3465.6",0.0525506717281394,97.7960819176919,"starch","06A"
"PHM15623.10",0.058670885381876,97.7960819176919,"starch","06A"
"PZA00706.16",0.0384407092869017,97.7960819176919,"starch","06A"
"PZB00811.1",-0.0655530969995523,97.7960819176919,"starch","06A"
"PZA00675.1",0.094473876712386,97.7960819176919,"starch","06A"
"PHM1834.47",0.1623904465006,97.7960819176919,"starch","06A"
"PZA02746.2",-0.107653733136354,97.7960819176919,"starch","06A"
"PZA00020.5",0.0116867033346357,97.7960819176919,"starch","06A"
"PZA01316.1",0.11650016008453,97.7960819176919,"starch","06A"
"PHM4786.9",-0.022297155320343,97.7960819176919,"starch","06A"
"PZA00904.1",-0.119706882220129,97.7960819176919,"starch","06A"
"PZA01964.29",0.0262935662638336,97.7960819176919,"starch","06A"
"PHM14046.9",-0.128881022277291,97.7960819176919,"starch","06A"
"PZA00189.23",0.0210852742606101,97.7960819176919,"starch","06A"
"PHM14104.23",-0.0746588964342705,97.7960819176919,"starch","06A"
"PZA00760.1",-0.101394267392067,97.7960819176919,"starch","06A"
"PHM2749.10",0.191227442025833,97.7960819176919,"starch","06A"
"PZA01290.1",0.0340125769372788,97.7960819176919,"starch","06A"
"PHM5019.59",0.0997164923055861,97.7960819176919,"starch","06A"
"PHM3925.79",0.052741168982221,97.7960819176919,"starch","06A"
"PZA00285.3",0.201415040169627,97.7960819176919,"starch","06A"
"PHM1218.6",-0.116738064731271,97.7960819176919,"starch","06A"
"PZA01195.3",-0.0492853950393774,97.7960819176919,"starch","06A"
"PZA00466.1",0.0812544399921058,97.7960819176919,"starch","06A"
"PZA01386.3",-0.017144418540934,97.7960819176919,"starch","06A"
"PZA02344.1",0.0292807154937453,97.7960819176919,"starch","06A"
"PHM5181.10",-0.0394619581285505,97.7960819176919,"starch","06A"
"PZA02702.1",0.0657100622164162,97.7960819176919,"starch","06A"
"PZA03416.7",0.00535596041337866,97.7960819176919,"starch","06A"
"PHM9374.5",0.00623167997970077,97.7960819176919,"starch","06A"
"PZA00860.1",-0.135754843207116,97.7960819176919,"starch","06A"
"PZB01042.2",-0.0684995514543616,97.7960819176919,"starch","06A"
"wx1.1",-0.0026170849274634,97.7960819176919,"starch","06A"
"PZB00547.3",0.0927285420988541,97.7960819176919,"starch","06A"
"PZB00544.2",0.0922262005569147,97.7960819176919,"starch","06A"
"PZB00540.3",0.0335296317336513,97.7960819176919,"starch","06A"
"PZA01999.3",-0.0258472856839892,97.7960819176919,"starch","06A"
"PZB01110.6",-0.00972840839435835,97.7960819176919,"starch","06A"
"PZA02648.2",-0.134356412208461,97.7960819176919,"starch","06A"
"PZA00693.3",0.0830073643411243,97.7960819176919,"starch","06A"
"PZB00959.1",0.141233125024834,97.7960819176919,"starch","06A"
"PZA02878.13",0.0447088067910559,97.7960819176919,"starch","06A"
"PZA03469.1",0.0552356994262987,97.7960819176919,"starch","06A"
"PZB00014.1",0.0852364363142168,97.7960819176919,"starch","06A"
"PZA03057.3",0.0158304299601146,97.7960819176919,"starch","06A"
"PZA00925.2",-0.0804727012349941,97.7960819176919,"starch","06A"
"PZA01791.2",-0.161728472287701,97.7960819176919,"starch","06A"
"PZB00761.1",0.0847346518140424,97.7960819176919,"starch","06A"
"PZA01861.1",-0.0296685540065255,97.7960819176919,"starch","06A"
"PZA02545.1",0.0267706927680375,97.7960819176919,"starch","06A"
"PZA01062.1",-0.1228400697281,97.7960819176919,"starch","06A"
"PZA03596.1",0.00663984354136967,97.7960819176919,"starch","06A"
"PZA01281.2",0.107377888715824,97.7960819176919,"starch","06A"
"PZA00947.1",-0.0867600255610572,97.7960819176919,"starch","06A"
"PZB01899.1",-0.00395466092903288,97.7960819176919,"starch","06A"
"PZA00225.8",0.230416747257728,97.7960819176919,"starch","06A"
"PZB01358.1",-0.155402990315803,97.7960819176919,"starch","06A"
"PZA00152.1",-0.0298193235689105,97.7960819176919,"starch","06A"
"PZA00015.5",0.0339163237027743,97.7960819176919,"starch","06A"
"PZA03470.1",0.093864470098543,97.7960819176919,"starch","06A"
"PZA03235.1",0.0756827337807653,97.7960819176919,"starch","06A"
"PZA02613.1",0.0542767889053104,97.7960819176919,"starch","06A"
"PZA02325.4",0.166830193068165,97.7960819176919,"starch","06A"
"PZA01819.1",0.115278227459839,97.7960819176919,"starch","06A"
"PZA00840.1",0.0780085748967841,97.7960819176919,"starch","06A"
"PZA00060.2",-0.0757731457360162,97.7960819176919,"starch","06A"
"PZA00213.19",0.0411792845486845,97.7960819176919,"starch","06A"
"PHM3330.25",-0.0202451275972472,97.7960819176919,"starch","06A"
"PZA02111.1",-0.135399119603635,97.7960819176919,"starch","06A"
"PZA03670.1",0.10635955286141,97.7960819176919,"starch","06A"
"PZA03671.1",0.182349254696117,97.7960819176919,"starch","06A"
"PZA02235.14",-0.0229051499467552,97.7960819176919,"starch","06A"
"PZA01096.1",0.0855912465483418,97.7960819176919,"starch","06A"
"PHM1766.1",0.0987311013544897,97.7960819176919,"starch","06A"
"PZA02252.2",-0.0885561560094323,97.7960819176919,"starch","06A"
"PZA01369.1",0.12594537965085,97.7960819176919,"starch","06A"
"PHM816.29",0.0649587707262005,97.7960819176919,"starch","06A"
"PHM11226.13",-0.0846386905196319,97.7960819176919,"starch","06A"
"PZB00221.3",0.00365678858082191,97.7960819176919,"starch","06A"
"PZD00055.1",-0.175943294488016,97.7960819176919,"starch","06A"
"PZA02197.1",0.12310855889274,97.7960819176919,"starch","06A"
"PZA00323.3",-0.0416000460035052,97.7960819176919,"starch","06A"
"PHM4604.18",0.0165370398094121,97.7960819176919,"starch","06A"
"PZA00511.3",0.0903712579505326,97.7960819176919,"starch","06A"
"PZA02381.1",-0.128379903279127,97.7960819176919,"starch","06A"
"PZA00912.2",0.0519405254082307,97.7960819176919,"starch","06A"
"PHM4303.16",-0.190913481273263,97.7960819176919,"starch","06A"
"PHM15445.25",0.0124354796253715,97.7960819176919,"starch","06A"
"PZA00832.1",0.0916885195103738,97.7960819176919,"starch","06A"
"PZA00708.3",-0.160120289663923,97.7960819176919,"starch","06A"
"PHM13681.12",0.0550670674344491,97.7960819176919,"starch","06A"
"PZA02554.1",0.0664360692463366,97.7960819176919,"starch","06A"
"PZA02221.20",-0.0865928843258623,97.7960819176919,"starch","06A"
"PZA01313.2",0.159474190937057,97.7960819176919,"starch","06A"
"PZA02095.10",0.11514778025151,97.7960819176919,"starch","06A"
"PHM2828.83",0.102157818096784,97.7960819176919,"starch","06A"
"PHM3765.7",0.248367384410701,97.7960819176919,"starch","06A"
"PZA01883.2",-0.0725710351455267,97.7960819176919,"starch","06A"
"PZB01301.5",-0.140789495204019,97.7960819176919,"starch","06A"
"PHM15331.16",-0.0451962063447771,97.7960819176919,"starch","06A"
"PZA00463.3",0.120977863544203,97.7960819176919,"starch","06A"
"PHM3896.9",-0.0161063699993684,97.7960819176919,"starch","06A"
"PZA01642.1",-0.00699315081954459,97.7960819176919,"starch","06A"
"PZA02961.6",0.205701369454454,97.7960819176919,"starch","06A"
"PHM3922.32",-0.117925060431181,97.7960819176919,"starch","06A"
"PZA02470.2",-0.206723421991567,97.7960819176919,"starch","06A"
"PZA00079.1",0.144550380504502,97.7960819176919,"starch","06A"
"PZA02853.11",-0.0888863864166939,97.7960819176919,"starch","06A"
"PZD00033.3",0.0532585475659119,97.7960819176919,"starch","06A"
"PZA03491.1",0.0110417209924754,97.7960819176919,"starch","06A"
"PZA01597.1",0.0399919032133655,97.7960819176919,"starch","06A"
"PZA00409.17",-0.109850049914512,97.7960819176919,"starch","06A"
"PZA01677.1",0.0301023574529052,97.7960819176919,"starch","06A"
"PZA02941.7",-0.0990804139487239,97.7960819176919,"starch","06A"
"PZA00933.3",0.0546675965345091,97.7960819176919,"starch","06A"
"PHM2770.19",0.0375015416149333,97.7960819176919,"starch","06A"
"PZA01877.2",0.0461295508315384,97.7960819176919,"starch","06A"
"PZB00409.6",-0.156462290365318,97.7960819176919,"starch","06A"
"PZA00337.4",-0.183851822705865,97.7960819176919,"starch","06A"
"PHM12990.15",0.115840902464198,97.7960819176919,"starch","06A"
"PZA00814.1",-0.132025244851719,97.7960819176919,"starch","06A"
"PZA01619.1",0.0942057234158179,97.7960819176919,"starch","06A"
"PZA00048.1",-0.151419249732176,97.7960819176919,"starch","06A"
"PZA00400.3",0.317931316474471,97.7960819176919,"starch","06A"
"PZA02398.2",0.00320082661114554,97.7960819176919,"starch","06A"
"PHM537.22",-0.175205387742164,97.7960819176919,"starch","06A"
"PZA00444.1",-0.061160261144404,97.7960819176919,"starch","06A"
"PHM18195.6",-0.0504641841283177,97.7960819176919,"starch","06A"
"PZA01292.1",-0.059786162747283,97.7960819176919,"starch","06A"
"PZA01919.2",0.0440588254876335,97.7960819176919,"starch","06A"
"PZA02128.3",0.0973912469544309,97.7960819176919,"starch","06A"
"PHM4341.42",-0.0211053393365778,97.7960819176919,"starch","06A"
"PZA01089.1",-0.0653517116537711,97.7960819176919,"starch","06A"
"PHM13687.14",0.257716242622484,97.7960819176919,"starch","06A"
"PZA02219.2",0.156817824505845,97.7960819176919,"starch","06A"
"PZA01141.1",0.0700115982128584,97.7960819176919,"starch","06A"
"PZA03713.1",-0.211031886751334,97.7960819176919,"starch","06A"
"PZA03196.1",0.0471679989616897,97.7960819176919,"starch","06A"
"PZA00866.2",-0.123402743981382,97.7960819176919,"starch","06A"
"PZA00647.9",0.138097759231307,97.7960819176919,"starch","06A"
"PZA01241.2",0.0637789400320733,97.7960819176919,"starch","06A"
"PZA02320.1",-0.0398630844866296,97.7960819176919,"starch","06A"
"PZB01111.8",0.0250093270156248,97.7960819176919,"starch","06A"
"PZA01456.2",0.0214159267576406,97.7960819176919,"starch","06A"
"PHM18513.156",0.0624634607347306,97.7960819176919,"starch","06A"
"PHM15868.56",0.0517099966670119,97.7960819176919,"starch","06A"
"PZA02663.1",-0.0112967880364973,97.7960819176919,"starch","06A"
"PZA01995.2",-0.00414612397904892,97.7960819176919,"starch","06A"
"PZA03607.1",-0.0394964845948041,97.7960819176919,"starch","06A"
"PZA03606.1",0.00247951087200737,97.7960819176919,"starch","06A"
"PZA03605.1",0.189987548048562,97.7960819176919,"starch","06A"
"PZA03604.1",-0.0454224961697319,97.7960819176919,"starch","06A"
"PZA00130.9",-0.156327108570376,97.7960819176919,"starch","06A"
"PZA02969.9",-0.0656057661439525,97.7960819176919,"starch","06A"
"PZA02049.1",-0.0370015097816387,97.7960819176919,"starch","06A"
"PZA00007.1",-0.184414927699191,97.7960819176919,"starch","06A"
"PHM5435.25",0.0304369240866877,97.7960819176919,"starch","06A"
"PZA01073.1",0.0194915225359376,97.7960819176919,"starch","06A"
"PZA01001.2",-0.0490425240436119,97.7960819176919,"starch","06A"
"PZA02578.1",-0.0830283130270248,97.7960819176919,"starch","06A"
"PZA00062.4",0.0734802282904314,97.7960819176919,"starch","06A"
