"pop","trait","trait_mean","trait_max","trait_min","trait_var","trait_95_perc"
1,"silk",97.7429889871359,99.0875787684802,95.9745437771562,0.332506109802819,98.6561142216062
2,"silk",99.45323554404,100.080673214492,98.486798908206,0.0854151061807997,99.9240715111688
3,"silk",99.5434729929676,101.106830554128,98.002644940473,0.324358811020649,100.471071896021
4,"silk",98.3275515955426,99.3704841608464,97.1592748001918,0.220278768280149,99.1241046630933
5,"silk",97.3223429915524,98.5322910774685,96.0337546430829,0.267278177319035,98.179518223083
6,"silk",99.2289254518737,99.9382193172426,98.4956857487452,0.0927439992687163,99.6937568628088
7,"silk",96.2701879629724,97.103494587857,95.1571820080257,0.101585297661665,96.7789478778801
8,"silk",100.895689313354,101.611985082142,100.032573629281,0.102690766235433,101.418659396624
9,"silk",100.669427429447,101.773649969101,99.5965347930814,0.206061245746806,101.394352695965
10,"silk",99.6501517709146,100.305795508073,98.8870817038463,0.075758479007879,100.096754885345
11,"silk",101.576953894321,103.141129937367,100.455744788875,0.148417880115617,102.25657313491
12,"silk",102.514735915178,103.316643859131,101.64039919406,0.0950422397109296,102.996492647921
13,"silk",98.5636117684547,99.3568407312328,97.4762843358578,0.154089357714004,99.2020828214562
14,"silk",100.431060938655,101.373527472834,99.4017940816078,0.17340757498401,101.113923261633
15,"silk",98.8593076395633,99.8942573330041,97.9880209720684,0.137202345393245,99.4448874324147
16,"silk",100.728317354374,101.413995722129,100.075699252067,0.0610879397355662,101.123657741312
17,"silk",99.856655678712,101.041681438037,98.7567834809669,0.173814356559652,100.516236961015
18,"silk",99.5919661625224,100.274186502477,98.910933037408,0.0872051840227533,100.097277003628
19,"silk",95.5248589720976,96.5937673677123,94.3182395649624,0.253610712092105,96.3227031335751
20,"silk",99.6818465582793,100.402801752674,98.7788677624277,0.113841645574744,100.206824497845
21,"silk",100.132817120893,101.257548499566,98.8576951914683,0.173979904932735,100.83607299861
22,"silk",100.273032589399,101.384124180834,99.2246201421305,0.14888625653014,100.917302497867
23,"silk",98.7064404749141,99.6561341896521,97.9261844640191,0.121315015367398,99.3047683925408
24,"silk",98.0457064281804,99.067030049878,96.9967171402117,0.107186879689873,98.5483603200507
25,"silk",99.4241066714586,100.317984028891,98.5624150831575,0.102487908349583,99.9336235642849
26,"silk",98.9810743162451,99.9018388919404,98.2023588922153,0.104968247914647,99.5714004542439
27,"silk",100.144706884302,101.367034918435,99.0334033602472,0.159062500445981,100.821142635574
28,"silk",99.5890389930133,101.164213235385,98.3262833562428,0.387846734813949,100.583174338059
29,"silk",96.8089750286587,98.5819179356228,95.2128121043764,0.481893195364338,97.9682263968671
30,"silk",97.8095009464312,98.599015365885,97.0965529032392,0.0942484833019092,98.3175718383142
31,"silk",98.5726038143673,101.370599342659,95.5728549717136,1.36871610720887,100.466577799476
32,"silk",96.4260463053619,97.9886560216569,94.7280302167491,0.435680360975647,97.4734115668573
33,"silk",98.3525026511367,99.1887800522692,97.4775263493579,0.122423045459567,98.9372884874157
34,"silk",101.167094480489,102.137585682563,100.454497689579,0.0892413447559146,101.661397627691
35,"silk",97.1523033906457,98.6085568470807,96.0465835843568,0.190826868502482,97.8129454153595
36,"silk",98.803151082736,99.8438794391479,97.6151743349029,0.199269206581142,99.5434513305107
37,"silk",100.859118886788,101.982776067493,99.7584147495659,0.178411499226356,101.551829700769
38,"silk",98.3801579844469,99.3575430007567,97.6211323319702,0.138956159942179,98.9477079010863
39,"silk",99.4448815829196,100.602258076391,98.1839455745154,0.258511046799206,100.256360947514
40,"silk",100.469705400535,101.231311839437,99.6839898386156,0.0849366225715319,100.920284305542
41,"silk",97.7434105424414,98.9030353935375,96.8670977605339,0.15150611270425,98.3928399233201
42,"silk",99.6805739077328,100.331204896648,99.0961341505542,0.0735444270501596,100.092264252496
43,"silk",96.7612151456332,98.5950919087757,94.8760479496089,0.549700398156979,97.8862877528719
44,"silk",99.9718954128322,100.807830801003,99.3403418135531,0.0834015493753337,100.429175048951
45,"silk",98.4210466429883,100.283774077899,96.8136655121779,0.530785823017758,99.6405674945767
46,"silk",99.0427509840364,99.8740454128678,98.2051656337123,0.102035260760594,99.5651788874911
47,"silk",100.927873598799,102.066143104653,99.8898691541518,0.160541625643667,101.54538464829
48,"silk",97.0898640618302,97.9495843367147,96.113248629138,0.101562493934112,97.5706207469696
49,"silk",98.0445372288557,99.7126271057152,96.3792436328368,0.396189295258273,99.0790986356639
50,"silk",97.9649668428132,99.0216746455484,96.9798405212147,0.187893329683772,98.6683881960091
51,"silk",96.8155610013892,98.7002377787598,94.9063016987768,0.552006876694426,97.8957513901263
52,"silk",99.6308516024325,100.527522482967,98.6952437677088,0.0991988349527476,100.112122348521
53,"silk",100.338017563572,101.3085698047,99.30269845312,0.141272481995495,100.996589358973
54,"silk",97.4279452179376,100.415117315531,95.0390095695476,0.853075289085635,98.7635331470945
55,"silk",100.984002011451,101.975192550035,99.9411471112329,0.157554598047707,101.632018185538
56,"silk",96.8741573848904,98.6016407668197,94.8918954602087,0.544258802624073,97.9530515620789
57,"silk",97.3485585061871,98.7026356291664,95.8436053499535,0.27467090739135,98.2082602951858
58,"silk",95.8949618488649,97.378788936995,94.7792475870306,0.288782031548558,96.7291416606215
59,"silk",98.225716735408,99.400143558606,96.9796660099342,0.175386358705404,98.9545664776936
60,"silk",98.6753509995805,100.61210186613,97.0344138864659,0.471190228205755,99.8620721760241
61,"silk",99.8281132632875,101.133987523483,98.4636244263766,0.293407722437523,100.743296891081
62,"silk",100.27052224836,101.489142425327,98.9449614401391,0.186526434893516,100.949336928267
63,"silk",99.9870538886978,101.24142018221,98.6136390934021,0.315685244736942,100.958531740697
64,"silk",100.474429030657,102.337252690521,98.6703801976874,0.436934054489333,101.460325318342
65,"silk",99.2967685086599,100.196052421114,98.5047721604535,0.100147507669997,99.7880913021609
66,"silk",97.8780492484135,98.9463973199391,97.0925740695816,0.117297462003045,98.4041631972397
67,"silk",99.6684439584391,100.338831795728,99.0845068616611,0.0666186700359463,100.131439167722
68,"silk",98.351093080637,99.3671842794285,97.4878781893215,0.140592430177088,98.9566800665267
69,"silk",99.1728293045037,99.8953218012175,98.3170188390582,0.0871528844449549,99.635897836922
70,"silk",99.0167736839636,100.425082821055,97.3605037291466,0.350269169295533,100.03244986345
71,"silk",96.2491004371655,98.3443629560045,94.3762292307205,0.518436403515201,97.2953110288702
72,"silk",100.157330971198,101.880850987476,98.3829012140439,0.595815608167859,101.429986417892
73,"silk",99.8313429811934,100.61834314894,98.9612335763976,0.114176973904902,100.419281306832
74,"silk",99.9827661189151,101.282259897248,98.3072979987883,0.290325218057533,100.924714739182
75,"silk",99.1112190400615,100.406367474606,97.7397870609612,0.258290910612076,99.983476791618
76,"silk",98.2205208613965,99.4106007061253,97.3230626778981,0.113098917884736,98.7996079765196
77,"silk",100.331515182519,101.356224216046,99.2049465938012,0.198342061147465,101.061328842194
78,"silk",97.0080257264263,98.2074338286447,95.6387809089275,0.197055033843092,97.7496722149184
79,"silk",99.8513635116088,100.737275594691,98.931055684498,0.123728406890165,100.419776992894
80,"silk",99.5932381889251,100.738421777422,98.4857325135838,0.227064615317305,100.428210038819
81,"silk",102.083672039092,103.546787277092,100.956289254472,0.226567000869889,102.83612882474
82,"silk",101.031459064048,101.88192244807,100.046922006882,0.118526455782954,101.556266720581
83,"silk",94.6812408786545,95.8093259578672,93.6847858604885,0.157899752408587,95.3185521196196
84,"silk",98.8474539050153,99.807386491396,97.7668340289491,0.184187511338424,99.5747381078041
85,"silk",98.7417807970014,100.778792570628,96.9163864647911,0.581747951460754,100.046398236078
86,"silk",100.099320254306,100.924695949443,99.319563572684,0.100003573439135,100.600853135641
87,"silk",98.5378468121045,99.5006920331536,97.524238731606,0.163743031889073,99.2188773196808
88,"silk",97.2791229001437,98.4935404574042,96.0089183073025,0.204832404457722,97.9667232538495
89,"silk",101.519563361876,102.581768119246,100.399823810408,0.143809506329378,102.061548702912
90,"silk",98.2056542286068,99.1453494952639,97.2846640608065,0.14249255180024,98.857642928629
91,"silk",102.102769646213,102.941148340012,101.273198346344,0.126933975059483,102.68870522172
92,"silk",100.447987685205,101.733466269656,99.2890236958581,0.186174893917282,101.067858677141
93,"silk",97.7024831449556,98.8292347834912,96.6190085704187,0.143913503990683,98.2590341949675
94,"silk",102.106945186902,102.98243052322,101.220886850795,0.130776280311282,102.695836979728
95,"silk",98.3821783767209,100.039790353711,96.3632389039223,0.508545134892451,99.5002538014658
96,"silk",98.9815738738573,99.8384757425015,97.9556924710941,0.123601427788653,99.565832892207
1,"tassel",98.6610723815328,100.141148263177,96.6052655662319,0.370350868004389,99.56651149455
2,"tassel",98.8897201921581,99.7641972071586,97.7234173515883,0.159318953828491,99.4788622381095
3,"tassel",98.7425859137444,100.018779117441,97.3911189687872,0.244243443550582,99.4891329288349
4,"tassel",98.9698471462372,100.820865891558,97.044903918837,0.604454765538298,100.232019177124
5,"tassel",97.4140114683804,98.8140427236754,95.937841588963,0.310573029557121,98.2560225719748
6,"tassel",100.689870132318,101.598241516747,99.9270917943717,0.11441035160713,101.212995270719
7,"tassel",99.3093899124458,100.733937357272,97.7546200564796,0.416862927175099,100.338614276646
8,"tassel",100.186050026954,101.737989694881,99.2582228270663,0.126268135660564,100.71613749162
9,"tassel",98.7094434064953,100.379229377202,97.300187856907,0.275324595480197,99.5814281013388
10,"tassel",98.1092282644807,99.1643784205211,96.813932477638,0.195103285014615,98.9273760238735
11,"tassel",102.803142032872,104.489926362708,101.144992355459,0.338240150595349,103.775502872913
12,"tassel",102.463224491199,104.436445615078,100.741816068922,0.454654107481046,103.49261095388
13,"tassel",97.3930398858867,98.667234658801,95.9760384962727,0.226520020219936,98.1477878740954
14,"tassel",100.66102563024,102.094951674377,99.3628234594626,0.296942106839251,101.561302889189
15,"tassel",96.8896856582071,98.1892440569646,95.6896903420298,0.215652491365897,97.6265092250676
16,"tassel",101.000343386113,102.180265985529,99.429466004487,0.217281607606832,101.773418405738
17,"tassel",101.056295441105,102.332458509958,99.9356285074934,0.175265766451553,101.817171832523
18,"tassel",98.649456284093,99.7456442742173,97.5723894232667,0.203062742377717,99.3287161950098
19,"tassel",95.7476009453728,97.3584159482465,94.32356292511,0.371101992577463,96.714123446617
20,"tassel",101.399078148331,102.483114219434,100.317652091831,0.232252211132961,102.200236351133
21,"tassel",99.3935573205742,101.024442968454,97.5630138647336,0.472939851954121,100.506611660287
22,"tassel",98.5448890029723,99.7261404564883,96.9358123404111,0.222553789012009,99.3508061335721
23,"tassel",99.497146421765,101.267094769295,97.6662214001859,0.573852283255163,100.704426713134
24,"tassel",98.9731725262425,100.880252448756,97.5851987669821,0.296622939969076,99.8369892569569
25,"tassel",100.162782522108,101.206065833063,98.9107442586893,0.172086343778442,100.786460070709
26,"tassel",99.7972625745523,101.305223611936,98.3367171561033,0.405922771321187,100.888513758488
27,"tassel",100.488967318499,101.939802609985,98.6830742178135,0.361173525831888,101.477428043108
28,"tassel",100.639072835643,102.081696127319,99.5738120064435,0.192172797929417,101.381766584191
29,"tassel",97.1528318627086,99.3459731364062,94.8475570183756,0.739459128221993,98.455177987872
30,"tassel",97.3088355227282,98.5836381572549,96.1772947615306,0.252411430295085,98.1087636662632
31,"tassel",99.5414247088919,102.81043494903,96.033372080939,1.92555284280409,101.614226425054
32,"tassel",95.2138955440852,97.3105871505992,93.7064007747311,0.374600119825643,96.1369384388016
33,"tassel",98.469345033308,99.798079083963,97.099257781888,0.329038694468488,99.5059950150577
34,"tassel",100.60897405376,101.663454618134,99.4038109283165,0.163581428129814,101.206438789872
35,"tassel",99.225092052445,100.47174321705,97.8802398116283,0.349961508891584,100.182351575661
36,"tassel",98.8121945214548,99.7922701536808,97.3015557823316,0.219778140227346,99.5602784865862
37,"tassel",101.481002351696,102.469287719609,100.239717650324,0.142543151557505,102.093624202888
38,"tassel",98.1666991134807,99.4654382713651,96.6159278191983,0.232309033290776,98.9103056554345
39,"tassel",99.2837494368443,101.311970400477,97.4532840670478,0.543133324346944,100.388231551328
40,"tassel",101.179282253128,102.337448951018,99.9009449379086,0.207459778150151,101.862398791709
41,"tassel",98.827482905339,100.083805496693,97.6083604005693,0.300132907639288,99.6882943957007
42,"tassel",99.7419450019688,101.384434428345,97.906991241466,0.463501909958887,100.855301915011
43,"tassel",97.1055017226028,99.1953400491649,95.3153061784115,0.637595958202323,98.4113437913132
44,"tassel",101.23008667062,102.207827869509,100.281061955625,0.139729752368947,101.778940007639
45,"tassel",97.4501242297382,100.444683436357,95.2820214322724,1.22717890184214,99.4088438888183
46,"tassel",97.9193352384685,98.9738301119628,96.6387887829847,0.193171623601293,98.5418576542371
47,"tassel",100.537828069616,101.540822805017,99.5069603333749,0.138692632777019,101.154249175226
48,"tassel",99.0337768336863,100.619978781787,97.5862351230525,0.383736145417105,100.0266943903
49,"tassel",99.1121205359652,100.364472398265,97.8625355420171,0.334520523673364,99.9912905969724
50,"tassel",98.3270311636112,100.179972210748,96.391213371029,0.510503182858598,99.5123967944176
51,"tassel",96.4179315476658,97.9688684344596,94.4794632131206,0.498135779976969,97.5398973346876
52,"tassel",101.398091017606,102.313054490898,100.335549499331,0.15990285417045,101.998008541511
53,"tassel",98.9638692595453,100.589228054335,97.2962888750908,0.343087266356413,99.908126249986
54,"tassel",97.9379651556559,101.049103979474,95.2963222116823,1.05522564420174,99.4577879955399
55,"tassel",98.9573844720897,100.325436676393,97.6007178572001,0.317814540015109,99.8658508200274
56,"tassel",97.1836949325507,99.11962129841,94.9009507628238,0.662013913495914,98.5186892203748
57,"tassel",98.5415426275987,99.7201124006849,97.2075693157528,0.277504427051857,99.3680997121862
58,"tassel",95.251472592473,96.355727836614,93.9753886121086,0.210824791069704,96.091508714762
59,"tassel",101.460849147673,102.627299767913,100.492656126724,0.154643814600303,102.131155701294
60,"tassel",98.9223789426014,100.538891228641,97.4503551778189,0.474193695108721,100.073376180126
61,"tassel",98.26871332704,100.216348421996,96.332427611245,0.549598207151594,99.560521157505
62,"tassel",98.8505249465809,99.9633020283962,97.668795822435,0.243594008686676,99.6647390797355
63,"tassel",98.6267206285235,99.990344130452,97.1877470262437,0.336371898075467,99.5661652560956
64,"tassel",100.800877175095,103.45086300213,98.2614578912949,0.973421810906642,102.221974576756
65,"tassel",100.650872033834,101.501066859238,99.8119830201708,0.119729285884409,101.215290296137
66,"tassel",100.468128896522,101.637933251306,99.4605868270046,0.186179982868882,101.239029678609
67,"tassel",99.1837090564347,100.046725636062,98.3907953846089,0.127872403830078,99.768266065634
68,"tassel",99.9904636582481,102.322132670859,98.4142705679043,0.397667206519076,100.867767579898
69,"tassel",101.360407417725,102.385558263929,100.168062501231,0.132327536525518,101.950567673969
70,"tassel",99.155446675874,100.943908871635,96.9655516113281,0.472664865251659,100.326240451228
71,"tassel",97.0205085173037,99.5236915813746,94.5577350654257,0.828989994193412,98.4174510155373
72,"tassel",101.31871727025,103.91088260849,98.8272616751688,0.868939281775501,102.789165763112
73,"tassel",98.4884224606677,99.7219066542081,97.351753271259,0.246300703328441,99.4044540379569
74,"tassel",98.6062830481297,99.9851141788939,97.1379671009033,0.348307090268229,99.5364922349399
75,"tassel",98.7569371606022,100.839004433912,96.7639564283446,0.588967698612323,100.004801318322
76,"tassel",97.1255010522454,98.0896898661316,96.0145138119138,0.162891968734825,97.7787101795308
77,"tassel",100.138688844328,101.204216228745,99.0166577736856,0.196181361490599,100.838701579134
78,"tassel",97.6212995517776,98.933624932012,96.3345486108293,0.270129596817694,98.4570477381615
79,"tassel",99.5697603428544,100.368377601425,98.8096255113995,0.107983498727254,100.084075249593
80,"tassel",98.456026882633,100.182467635434,97.1327448675057,0.423027839786725,99.5858038754806
81,"tassel",103.027405883512,104.582228314298,101.336012772336,0.548995925018398,104.208739065436
82,"tassel",100.584158516253,101.354301149058,99.7487806294903,0.111062363706017,101.121538947554
83,"tassel",95.9923619270882,97.5350247862129,94.1039679525546,0.452635944983524,97.0174518800479
84,"tassel",98.4920840538414,100.090693576153,97.0513830108597,0.358082274823478,99.5441846575176
85,"tassel",96.3530231569151,98.5768741848614,93.5459391119941,0.943837875182794,98.0751483973233
86,"tassel",100.262708168582,101.207904686511,99.3806009957684,0.124668292538274,100.935055741617
87,"tassel",98.9861142651222,100.086272357115,97.8889848636341,0.215482179292719,99.8031776953574
88,"tassel",96.6436529116043,98.9460212321356,94.3632353986671,0.718847529611221,98.1201113153745
89,"tassel",100.750714144799,101.724180741112,99.9262386215222,0.155820532709722,101.427637219211
90,"tassel",96.1747222093042,97.2259282510192,95.0807934133545,0.193728712160606,96.9058679899097
91,"tassel",103.499205454408,104.755041478021,102.083849821503,0.249473801909049,104.345885090149
92,"tassel",100.657991383186,102.226227375472,99.4558183991253,0.311448188945498,101.547877709827
93,"tassel",98.9016595315822,100.317657920264,97.588001324818,0.295216053814594,99.7504413105802
94,"tassel",103.477873622799,104.781732855259,101.94614038851,0.300742978019793,104.435431184961
95,"tassel",99.1516929692462,100.788561210346,97.8199229534353,0.394845310867719,100.271582827481
96,"tassel",98.953842438234,100.305351840661,97.2769563787802,0.313963516904785,99.9331784480786
1,"oil",4.87789794031049,5.01443567106715,4.70057025069504,0.00299902986794112,4.95819690446473
2,"oil",4.736359500144,4.86520698886036,4.61524052333697,0.00251510995374525,4.81936773927462
3,"oil",4.48812904829747,4.60205437018211,4.32554709027823,0.0021344621767773,4.55786381657473
4,"oil",4.56629721739463,4.73839101489895,4.36811678960253,0.00481063550528618,4.68461052887806
5,"oil",4.67728532744135,4.8620182676872,4.50179015194609,0.00528380843214102,4.79493913366336
6,"oil",4.88065684683672,4.98468282462591,4.76034093378601,0.00187266690946695,4.95646878962492
7,"oil",4.71656403722678,4.91258678458529,4.56064018278207,0.00338768168350522,4.81007882959933
8,"oil",4.53700376221293,4.64947813927861,4.42728938436625,0.00154558380173898,4.59894355055261
9,"oil",4.55099916090585,4.6953715561195,4.40640769617647,0.00275625136807813,4.63604763116776
10,"oil",4.64890974866753,4.85827071070659,4.48035818691401,0.0059096691486794,4.77246189387262
11,"oil",4.64164895626443,4.76626085183998,4.56184947496415,0.00116636096698049,4.69857073382097
12,"oil",4.56576059756416,4.6760530105094,4.46911939650204,0.00172113337879672,4.63720136265288
13,"oil",4.49972615753056,4.64237526302951,4.36900519126662,0.00241311363114812,4.57770349633391
14,"oil",4.71653418367034,4.83690908384431,4.6071635349182,0.00202433036002477,4.78988300057307
15,"oil",4.34311482431311,4.48001276080366,4.18502611853607,0.00315241409387182,4.43806467677639
16,"oil",4.69919170530881,4.83113821508596,4.58481172477571,0.00224131532373615,4.78271952531076
17,"oil",4.64617514609738,4.7864029242456,4.49674861576265,0.00354547305739098,4.73270164968383
18,"oil",4.53071508631458,4.64900070649153,4.40683959423696,0.00187461516639433,4.59921927703595
19,"oil",4.36063141382925,4.49476952605765,4.23773132108658,0.00328452255985529,4.46027020612735
20,"oil",4.70628563770061,4.84710398533447,4.56207521885583,0.00250001154723841,4.79584200771075
21,"oil",4.620961973395,4.75930754271623,4.46875581482171,0.00325873825059526,4.7078428157836
22,"oil",4.54519097388315,4.69014589423123,4.4101232307754,0.00282378659123283,4.63678875738416
23,"oil",4.49615507599883,4.67730863289739,4.31434976707017,0.00519260371698901,4.62788217914733
24,"oil",4.50350464193216,4.65525657143402,4.33886121511975,0.00319438092993338,4.60333357641879
25,"oil",4.89399552318932,5.00425717688072,4.79468718504848,0.00194535613338459,4.96791508064197
26,"oil",4.75407447788271,4.83900393602602,4.65399964916824,0.00144990337873061,4.81503511054926
27,"oil",4.82670420568368,4.93908443133723,4.6786328235974,0.00221026587480594,4.898832801916
28,"oil",4.60215151898981,4.71290275270508,4.5019030169787,0.00158494403031474,4.66015492188486
29,"oil",4.52185439016923,4.70824974994786,4.3378039449178,0.00559675452945353,4.64461188704242
30,"oil",4.61204998480537,4.74433543210827,4.47851422159052,0.00296803118713902,4.70439600790135
31,"oil",4.44166519573755,4.61427540534983,4.2595627437476,0.00483783866761527,4.55541622831348
32,"oil",4.3171924939025,4.45108925784538,4.17186776028245,0.00323797330606242,4.41116552777941
33,"oil",4.33823080290639,4.4708279300692,4.196071611399,0.00390083721987185,4.43754814513887
34,"oil",4.73732156192461,4.81502838578395,4.65184134092303,0.00113688538309876,4.79546518643815
35,"oil",4.693139831591,4.86867325566843,4.55145236266608,0.00378231371593258,4.79423297120021
36,"oil",4.55287472900137,4.69652533809525,4.4210654507427,0.0026552847381509,4.63536816065843
37,"oil",4.73261067811393,4.82462161453281,4.64942789797918,0.00129103803237651,4.78611621310878
38,"oil",4.5641128765875,4.72063095569312,4.43772789047613,0.00263279064887728,4.64884289926155
39,"oil",4.49948585332812,4.72425690619578,4.29675842106805,0.00690605864202491,4.63672918644248
40,"oil",4.70618922214253,4.81557231255086,4.5875071679421,0.00211870718347237,4.78332923763467
41,"oil",4.62265976079337,4.73163251896196,4.51226469132065,0.00207674468418326,4.69857450679307
42,"oil",4.64393366949633,4.78105284581262,4.50752640617915,0.00274841566712841,4.73656020178381
43,"oil",4.52158522075448,4.70889380555518,4.34225514715228,0.00504157393023311,4.63113963249851
44,"oil",4.70219853110534,4.82018462343947,4.60735491261325,0.00195738884530939,4.77210880878428
45,"oil",4.53700541814333,4.76327874279453,4.30970772089602,0.00599329183754295,4.66436213520136
46,"oil",4.66772886003316,4.80053598271375,4.54961030744274,0.00189673849433828,4.7378523393264
47,"oil",4.74796764547769,4.88099924929263,4.64986455623241,0.00176522970719996,4.80935259297576
48,"oil",4.52586059662352,4.65518670871939,4.39668369586152,0.00204492880901701,4.60487795556891
49,"oil",4.74726600787085,4.90022568705738,4.60630678102456,0.00350896251505493,4.84926652792347
50,"oil",4.63813962017339,4.86941862568199,4.44128548331709,0.00606804321586396,4.76230304581467
51,"oil",4.41571808761627,4.56063509905233,4.26392127108434,0.00389173704199653,4.51388680287304
52,"oil",4.81315974003638,4.94295415645288,4.69764209910794,0.00203786605882679,4.88508950386669
53,"oil",4.65622126516097,4.79257053883027,4.53952098210077,0.00270037920786296,4.74497853520194
54,"oil",4.50484413559019,4.72784192371073,4.31043539113069,0.00735904832901229,4.64391639279708
55,"oil",4.56977374910239,4.70764829413489,4.4588967984702,0.00199150714494939,4.63924119926108
56,"oil",4.40981409856055,4.60640306706895,4.29372902504497,0.0030366167766203,4.50268188714566
57,"oil",4.87507985988927,5.04227529398606,4.77258826921487,0.00256273785120745,4.96321551517903
58,"oil",4.19286401285452,4.29492518938546,4.06742645778581,0.00227484917315109,4.26215583537917
59,"oil",4.6665515817644,4.7873445920161,4.55429622407491,0.00208403650795412,4.74444024940332
60,"oil",4.68223701635161,4.85451457626109,4.48828159661767,0.00459889962628789,4.79276110548591
61,"oil",4.32653662179134,4.49204732162538,4.16432579099697,0.00360784530531714,4.42293887644653
62,"oil",4.68981780921914,4.77254161460746,4.56994691354785,0.00129612097355921,4.7482615702529
63,"oil",4.42765789618393,4.5847107626444,4.23067209392261,0.00402312089303363,4.52272554163257
64,"oil",4.42458313240979,4.57377140471971,4.22193468378788,0.00472761481855572,4.53551488204837
65,"oil",4.77326651886602,4.9006993647192,4.57708660880546,0.00293931337016099,4.85881079867539
66,"oil",4.50944203365481,4.63588878854832,4.40133491150568,0.00215859802212265,4.5838407177873
67,"oil",4.85315920219249,4.97325697617022,4.65932374955705,0.00278765681810716,4.94236215851699
68,"oil",4.66209521511639,4.82809464007591,4.50350592551068,0.00371873165713035,4.7569202478067
69,"oil",4.64196321808261,4.82038696529215,4.45532429328055,0.0038878068220322,4.75156950202906
70,"oil",4.66788756022156,4.82834078623906,4.51385474253228,0.00379002457732667,4.76784319191556
71,"oil",4.34178049381936,4.49850348031101,4.16520592168958,0.00347768329133692,4.43687607720444
72,"oil",4.59267131485133,4.70128780719873,4.4841790713846,0.0018460699229591,4.65764973673581
73,"oil",4.52250274592612,4.67141255250016,4.39076009562719,0.00319006495312589,4.63511540001008
74,"oil",4.42478575501354,4.60331712337531,4.23660245208026,0.00392418105383436,4.52216765535097
75,"oil",4.56576149255218,4.72674494470816,4.41094732277686,0.00357735636233896,4.67442757760843
76,"oil",4.48720254587551,4.59228087525547,4.37394884024886,0.00184239050003987,4.55627793090218
77,"oil",4.47550147188434,4.61028445238776,4.35509693583124,0.00243309930508635,4.56111523578126
78,"oil",4.79874411739382,4.94382798046515,4.66500308211769,0.00282886970684957,4.88648568245866
79,"oil",4.73069244189121,4.87107006442507,4.59529175323826,0.00277678128128205,4.81295732768636
80,"oil",4.42015253753451,4.58548930231871,4.26430381355069,0.00485108405096799,4.53358315256311
81,"oil",4.7516795770522,4.85188256266747,4.64452734137182,0.0014356605014297,4.81589153864637
82,"oil",4.64133937565028,4.74087925673365,4.53529412833751,0.0016797146795879,4.70497220536358
83,"oil",4.55739431747024,4.78633719337559,4.27232485155776,0.00647901188532423,4.71019024402166
84,"oil",4.40163538015711,4.56092384844439,4.25288699564618,0.00406447171583733,4.50862425498168
85,"oil",4.36015427421868,4.48402986504898,4.22421803504317,0.00246254039998208,4.44280325259556
86,"oil",4.56789751441595,4.67726908642119,4.459511012781,0.00188303690390635,4.63828502257953
87,"oil",4.55951864055262,4.68056543422218,4.4559697726439,0.00164237001580344,4.62135354777854
88,"oil",4.37622632492783,4.50145156533386,4.25669673584033,0.00260284756236324,4.45771667047021
89,"oil",4.74553366058582,4.83892961225753,4.63147311658203,0.00163606521702021,4.80985716453253
90,"oil",4.38769633543366,4.50128780789837,4.27670102225307,0.00173675014125598,4.45165526713201
91,"oil",4.74328953507717,4.84658706660562,4.57656310032233,0.0019616967958997,4.81096894561186
92,"oil",4.72016172106598,4.85140352104966,4.58846076406724,0.0024203836075747,4.79679062945121
93,"oil",4.61348852120521,4.72104903549677,4.50211370339558,0.00148484603618055,4.67814839781142
94,"oil",4.7397515591654,4.86867808055492,4.59939595770661,0.00226404488402476,4.82050956298217
95,"oil",4.77971018972779,4.93042173017078,4.65755546342562,0.0031075753586846,4.87711889752841
96,"oil",4.68780620279745,4.94031382120369,4.5248281402004,0.00494317541985106,4.80066009141828
1,"protein",12.6799667873986,12.7921039811007,12.5730438012569,0.00207456015892035,12.7509322203418
2,"protein",12.492541773869,12.6329565414805,12.367574645764,0.00195514853839434,12.5588942052786
3,"protein",12.6733948758638,12.855967437795,12.4700523210893,0.00397298016322353,12.7624379385991
4,"protein",12.5507564084195,12.6912940961758,12.3984949545678,0.00270057103122235,12.6334866352284
5,"protein",12.6122639084468,12.7275561786767,12.4979444212984,0.00226799286809502,12.6964952231923
6,"protein",12.7043276578457,12.8110484454946,12.574079201752,0.00196085267832824,12.7815912599265
7,"protein",12.5994192715063,12.7190661868214,12.4456644256331,0.00322135999413555,12.6859527205921
8,"protein",12.7354171566034,12.8665386171694,12.6111955758492,0.00167403764586093,12.8077095948231
9,"protein",12.6586809210118,12.8099986204897,12.4856536116734,0.00368276421557001,12.7633691888831
10,"protein",12.5816752972283,12.7142326855512,12.4177152637249,0.00317005487387398,12.6775003320693
11,"protein",12.7610177771471,12.8692666190411,12.6146832148628,0.00208440710724402,12.8349360606142
12,"protein",12.6543957495982,12.7647750944629,12.5424332813655,0.00168895700320376,12.7232622245983
13,"protein",12.5223471206657,12.67683237816,12.3549064119021,0.00401494564231178,12.6293411451415
14,"protein",12.6730669510399,12.8523138506175,12.4791738868732,0.00524280949442522,12.8052376667426
15,"protein",12.181232929766,12.38488424298,12.0003090548502,0.00356900605068056,12.2713861410864
16,"protein",12.8658072602889,13.0156697946896,12.6888220687706,0.00374083367585883,12.9621627327677
17,"protein",12.634533949565,12.7424792909893,12.4873304045939,0.0017339439011751,12.6987695600077
18,"protein",12.684903035738,12.8604537960048,12.5131622972522,0.00396763222874104,12.7865180761805
19,"protein",12.4726245348427,12.6784815664948,12.2288701579761,0.00572186211065444,12.5958571675069
20,"protein",12.720848230574,12.8524885928489,12.5988289574323,0.00287690856870388,12.8116783208416
21,"protein",12.5848426162477,12.6949007634407,12.4471133053323,0.00193457671767985,12.6578319025668
22,"protein",12.5913900183536,12.7125920002319,12.4713473965782,0.00253324452220566,12.6694561993607
23,"protein",12.3206321256022,12.5408326170574,12.134495030072,0.00551131030458772,12.4316475058791
24,"protein",12.6682363018304,12.8954572576073,12.5077099661496,0.0048574425359124,12.7790928903185
25,"protein",12.6431879851903,12.7757416888182,12.5173120419433,0.00279248335632797,12.7271377116502
26,"protein",12.5666917580405,12.676587555139,12.4407258098491,0.00220216191010998,12.6331917807553
27,"protein",12.5833935322181,12.7017742745629,12.4728949625449,0.00231051626792297,12.6630309121964
28,"protein",12.6452425571393,12.783575375762,12.4571755820096,0.00313187320360968,12.7304448387429
29,"protein",12.5053609393964,12.6990142006896,12.3013248577452,0.00461654235017895,12.6148866036717
30,"protein",12.6319729976078,12.790103533354,12.3816954072795,0.00526663639028938,12.746734608908
31,"protein",12.4552850356487,12.6415990774488,12.2662438934897,0.00518586083928731,12.566379733373
32,"protein",12.3587871956952,12.4990690730272,12.2147684593612,0.00276792519604127,12.4461535960415
33,"protein",12.3378617642543,12.5804692067845,12.1091583435309,0.00701133357919769,12.489490518746
34,"protein",12.5938845136864,12.7608921582297,12.4675191010599,0.00292661917350578,12.6826674287963
35,"protein",12.6654433462386,12.8013258610617,12.5503018937016,0.00172608667194076,12.7320371839807
36,"protein",12.901603263818,13.1042757217446,12.7268476772966,0.00455110256304224,13.0034672909975
37,"protein",12.7058612648652,12.8503352478905,12.5822678860948,0.00206794532682534,12.7827525492841
38,"protein",12.6081506221694,12.764739807385,12.4662457339828,0.0040873412446228,12.7041138050504
39,"protein",12.3572573739753,12.5688004810551,12.1820439342075,0.00579734041867388,12.4836569345972
40,"protein",12.7498222781711,12.9071797782485,12.6203121385829,0.00334255155742807,12.8398860043328
41,"protein",12.5147937372796,12.6697999058952,12.3686298641982,0.00350892337803221,12.6178547130331
42,"protein",12.4548715231918,12.6320899941531,12.2886431013961,0.00306047251178075,12.5441764915467
43,"protein",12.5028789687628,12.6952783579985,12.3093378047158,0.00476666816163069,12.6111254623786
44,"protein",12.8492137613974,12.9965049644443,12.6915172810716,0.00300739258108942,12.9397662276128
45,"protein",12.5640718902677,12.740249287642,12.3890288832716,0.00327872274603111,12.6607768171413
46,"protein",12.5159851691574,12.6304605819315,12.3651691170668,0.00262236404491512,12.5975719906085
47,"protein",12.7967134393201,12.9131573685061,12.681328613913,0.00217691160450689,12.8703295515007
48,"protein",12.5948035642672,12.7358793935814,12.4621476904655,0.0031439042174826,12.6877015670894
49,"protein",12.916393671442,13.0795771372505,12.734202434533,0.00331889904899418,13.0010909108638
50,"protein",12.5634435667543,12.7265532744193,12.4080578556884,0.00362005724971745,12.6535438407389
51,"protein",12.3610011905031,12.4845800695147,12.228251857054,0.00318184429605339,12.4571509929259
52,"protein",12.6847074136504,12.7720080666136,12.555200904986,0.00160534117725939,12.7574307367956
53,"protein",12.4034897005408,12.5345694871307,12.2877340918276,0.00252114287120652,12.4919851953953
54,"protein",12.4407523122999,12.6342058835732,12.2537831302937,0.00493291104601082,12.5546153775388
55,"protein",12.5604661172497,12.7634607182697,12.4231742472987,0.00505594238590004,12.6780306597427
56,"protein",12.5378940580104,12.7195314525731,12.3499865062428,0.00609922530191529,12.6591521791769
57,"protein",12.6130388912531,12.773891035064,12.507991434001,0.00232712150699977,12.6959413187964
58,"protein",12.1299341193362,12.3002318061553,11.9777491448024,0.00402726587055893,12.2362584405568
59,"protein",12.5447148266661,12.6658194361649,12.4210659794096,0.0023720423489189,12.6224624807923
60,"protein",12.6654350266883,12.8115676337198,12.5205634461865,0.00228865152702202,12.7377598466442
61,"protein",12.3287489123062,12.5493862901199,12.0808727186636,0.00688634603380752,12.4691769661854
62,"protein",12.6797354336856,12.8182928744495,12.548944066989,0.00221613810011086,12.7496342545735
63,"protein",12.4292838287084,12.6364239673733,12.1429672875709,0.00874409663453487,12.581633649268
64,"protein",12.3652232847967,12.5582852012507,12.1573773426045,0.00694357198932557,12.4933870005395
65,"protein",12.7382990073661,12.8892093466632,12.5672053510519,0.00294484675431638,12.8250791447898
66,"protein",12.55203287875,12.688522097718,12.4126010571332,0.0025846526900357,12.6260373079998
67,"protein",12.5805837741577,12.6907876796803,12.428732664916,0.00193429984803348,12.6520819823202
68,"protein",12.6568895224893,12.816661638034,12.4722817277945,0.00439694845980771,12.7660972758839
69,"protein",12.6071409381801,12.7486009856967,12.5074007633284,0.00194968944746181,12.6740958567819
70,"protein",12.6031726909467,12.7946683413115,12.4335344961663,0.00396581487765126,12.7022124033924
71,"protein",12.4181994784101,12.6049945585079,12.2187315795808,0.00516415649964632,12.5514251291624
72,"protein",12.7092966756705,12.9375537997848,12.5499169914698,0.00390960136047059,12.7950732443396
73,"protein",12.8020452735631,13.0332782814341,12.6293484455643,0.00531617864694517,12.9241642559591
74,"protein",12.4292160582477,12.6372087198576,12.1918046303628,0.00779170726026065,12.5816967457395
75,"protein",12.5757097914512,12.6870600609535,12.431364393225,0.00269418609020369,12.6589198488175
76,"protein",12.6032344846527,12.7804816883527,12.4456716270793,0.00388784561940141,12.7126563924717
77,"protein",12.6201397671577,12.7613132641801,12.5300492849558,0.0019580186713596,12.6924949436696
78,"protein",12.6308393560463,12.7475864496422,12.4924457173565,0.00267525793759173,12.7146764186814
79,"protein",12.7914331748931,13.0150590988785,12.599261974888,0.00588532449843973,12.9032882968701
80,"protein",12.3680213818763,12.6262261313608,12.1529615543493,0.00895080221041914,12.5219974348412
81,"protein",12.5950693824964,12.7326416176199,12.4575748160941,0.00281653588474952,12.6771510929696
82,"protein",12.8423803042194,13.0067364119325,12.7014083206058,0.00343318308072251,12.9277768982553
83,"protein",12.4660329834862,12.6567699542473,12.252229916523,0.00507724499634149,12.5698167262767
84,"protein",12.4481104153952,12.76448572251,12.1344772738297,0.0132224584077559,12.623346211987
85,"protein",12.5460515795245,12.7156872537969,12.387898542969,0.00366125022952205,12.6462999183269
86,"protein",12.6438326744407,12.7764047734935,12.5302493209264,0.00219730756138464,12.7183564496568
87,"protein",12.7878120145551,12.9949022923612,12.5933154744476,0.00535994288993825,12.9030425334394
88,"protein",12.5493810785866,12.7270509795155,12.3688731202689,0.00456902258236676,12.6606752888753
89,"protein",12.6562588986461,12.8193412711037,12.5269326470167,0.00332014594989639,12.7441975221862
90,"protein",12.5116325266394,12.6485462996266,12.4009388511803,0.00257893207126374,12.5965868264026
91,"protein",12.6709064140386,12.7998075646554,12.5525337840636,0.00169875938041938,12.7365160911526
92,"protein",12.678660796306,12.8390629782817,12.4539833925831,0.00452699759997495,12.776787049421
93,"protein",12.5272068978389,12.681695324538,12.3351224922291,0.00417276103640894,12.6378045760608
94,"protein",12.6692781421031,12.7781603012013,12.5635688058453,0.00148859472930989,12.7359552258181
95,"protein",12.6938043088069,12.8332532403927,12.5621664578957,0.00231277531253702,12.7742717002082
96,"protein",12.5718748815145,12.711384793193,12.4719701697832,0.00243907178682722,12.652370151854
1,"starch",67.1506871404856,68.060924956983,66.3566019122029,0.116920592663015,67.7309982001682
2,"starch",65.8981046588176,66.5003636027798,65.2089270319769,0.0630604406941991,66.3095265719169
3,"starch",66.3845363768617,67.2920801281452,65.4765854909121,0.108093494203746,66.9237019041544
4,"starch",66.2709877835998,67.362130491594,65.2554231062821,0.146697640271949,66.8661599556263
5,"starch",67.0435603713372,67.7709243692902,66.1767670147634,0.0925296876881384,67.5379791827485
6,"starch",66.5982236221785,67.6407246503361,65.7466132498211,0.136802843354293,67.2338503046876
7,"starch",66.7295454580619,67.6306153897342,65.7495339958181,0.129572898032414,67.3513220258006
8,"starch",65.4743817671307,66.0597300362289,64.5925304472186,0.0701741419171141,65.9294313429729
9,"starch",65.551384699028,66.1803615249936,64.7522729323273,0.0902609320390523,66.0352173642604
10,"starch",66.3236885477984,66.9414515704878,65.7316338596464,0.0553770074185689,66.69290837074
11,"starch",65.2895034942218,66.1382303137981,64.6724500581766,0.0687365623152978,65.6946557970232
12,"starch",65.2791848487699,66.0424690422971,64.5847007459433,0.0735807467142486,65.6844192557573
13,"starch",66.1164647491829,67.1393949354267,65.3413664989486,0.116016561471408,66.6479544952601
14,"starch",65.7229230792127,66.4851760720784,65.0329472547274,0.0510460800053539,66.1069037460416
15,"starch",66.5389115650998,67.6435443377511,65.4220940997692,0.18746168490051,67.2721440073869
16,"starch",66.2933659625043,66.8472741768831,65.7015610971402,0.0617483193968792,66.7164091804594
17,"starch",66.5303132548707,67.3751385366178,65.8118757278932,0.108485310729682,67.0959945856985
18,"starch",65.8338425176479,66.3660912842157,65.0502881597227,0.0611720996706147,66.2008046170871
19,"starch",67.1395481907706,68.0892999969584,65.9938181390843,0.149611466203821,67.7676277114818
20,"starch",65.7466696770952,66.5675945645407,65.0121408254451,0.083791558198089,66.2480913477601
21,"starch",66.4177481984793,66.9557137499585,65.7665283831997,0.0506635944482957,66.7575348394308
22,"starch",66.1234732016035,66.8518488918703,65.4787759855281,0.0618469600210478,66.563034483263
23,"starch",67.0825759751388,68.32266077523,65.9155092067802,0.171209393354863,67.7475469727604
24,"starch",66.9323273611972,67.727464180694,66.1437057614195,0.118464468586283,67.4828085356136
25,"starch",66.8093140341613,67.6743265655995,65.9982806553393,0.105174352630377,67.3086573636733
26,"starch",66.5411108467694,67.4211608266599,65.4768978823566,0.101304456390969,66.9845948547749
27,"starch",65.9618312884649,66.6153398523171,64.9917527915906,0.085904284723333,66.4596496750994
28,"starch",65.1765386841577,66.1221752802675,64.4786252459616,0.0989649683066731,65.6590033142159
29,"starch",66.4912915134036,67.5387152222455,65.528232032448,0.147884526926792,67.1122251802115
30,"starch",67.2347235643699,67.9703255946073,66.5583045580906,0.0871827297803307,67.7093433477305
31,"starch",65.9963226093809,67.1995876904312,64.8803253801815,0.15120929286993,66.6410718669686
32,"starch",66.545116040282,67.5291994906856,65.5542925105234,0.202541957061268,67.2243352670661
33,"starch",67.3144603923202,68.5444464553809,66.3679252765718,0.171338672991939,68.0254488099952
34,"starch",65.9787970554314,66.7519844407708,65.3752373407573,0.050715655915498,66.3328669303901
35,"starch",67.1302918435514,68.4040735100997,66.1044132819905,0.157479425051549,67.7523377284787
36,"starch",66.6408951678341,67.4630587162995,65.8589361129026,0.116397376394937,67.2055931293099
37,"starch",65.4060521573995,66.1012654396616,64.6356054778208,0.0661051209135729,65.8185927344003
38,"starch",66.9620907461409,67.6263022265785,66.1857237266722,0.0799846268505186,67.4381439085051
39,"starch",67.3916816823976,68.3053502507804,66.3735485963099,0.148943736230438,68.0229551225833
40,"starch",66.0616799993852,66.6087803561905,65.3780542490179,0.0588786583645337,66.4677563682612
41,"starch",66.3302651515905,66.8959730105145,65.6608659871153,0.0692089028617515,66.7579142042501
42,"starch",65.4211179004426,66.2679072207083,64.4305862471636,0.122074596841237,66.0095995784702
43,"starch",66.4464846194563,67.3886655153464,65.4249420864476,0.168395555694049,67.1388043319087
44,"starch",65.9736677430644,66.7217897386436,65.1480739284179,0.0614138999174979,66.3254910853978
45,"starch",66.2432186552729,67.0721786471142,65.4693944630624,0.121933977153308,66.7672016349719
46,"starch",66.8008607464728,67.5163225451688,66.1456680037999,0.0659662804174554,67.2088991814979
47,"starch",65.4876203696943,66.4102809753329,64.8137329672884,0.0941355731216515,65.9846361254109
48,"starch",66.4473838874347,67.2801999906106,65.6331292848892,0.100722762317471,66.956842590825
49,"starch",66.8955459668798,67.6997368852751,65.8868776129797,0.107268124236262,67.4389330562008
50,"starch",66.7936309396626,68.1662413574978,65.6622059373361,0.205824016780437,67.5411217691988
51,"starch",66.6729046247373,67.7619054096486,65.6715810774854,0.180654678059854,67.3639470645121
52,"starch",66.0201178495036,66.5736651848653,65.3236082232209,0.0610097475836285,66.4226628267653
53,"starch",65.3909830061516,66.090310903415,64.7600337144906,0.0824466903897203,65.8548407909635
54,"starch",66.7632670906067,68.0329111443282,65.7198638230352,0.196750946479724,67.5479751343477
55,"starch",64.834496066648,65.5329899068733,63.9312765392927,0.0844262861564146,65.3147779188764
56,"starch",66.1789027872749,67.3490076319348,64.9995593826411,0.198308940402144,66.937360282173
57,"starch",66.5834447755609,67.7914591475196,65.4571336446393,0.16721254717743,67.1835700801726
58,"starch",67.5346338244623,68.6115421648024,66.488873201949,0.178320936913936,68.2521988741996
59,"starch",65.7531979483629,66.455486130288,64.955564218793,0.0980725489752578,66.2651422204853
60,"starch",66.6335358964169,67.3891245002409,65.8452964167514,0.113301492934686,67.1991967768425
61,"starch",66.8305765688632,68.4028557033854,65.8694757930587,0.166225138810451,67.5038053371055
62,"starch",66.0065499571884,66.935551068052,64.8224363382991,0.12191234540554,66.5882126217816
63,"starch",66.4977016302189,68.0440616612213,65.2502916928813,0.285684882521031,67.3383868566651
64,"starch",66.6801418113163,68.0459720175843,65.3966190500293,0.194822719921009,67.3843213911045
65,"starch",66.334936272098,67.1417673917337,65.2629178648334,0.110121897252706,66.8437436899928
66,"starch",66.0069523998436,66.8963317527371,65.2309131313283,0.0924883772545379,66.4973935020927
67,"starch",65.9121617356161,66.6101538314561,65.2447281707617,0.0885699870089997,66.4083859926526
68,"starch",66.6848642608903,67.6502447076228,65.8402456477061,0.133934184011028,67.2744162799164
69,"starch",66.1957018890729,66.8653926721395,65.2989348850297,0.0860245531574115,66.6853615553586
70,"starch",66.6795131972024,67.4750854816568,65.6991596265774,0.119852365192216,67.2018429489178
71,"starch",66.6370366563335,67.955299525972,65.495422954181,0.247636936641971,67.4942037893666
72,"starch",66.2722206996364,67.2416751155242,65.4478275939472,0.124989769853582,66.8358154363421
73,"starch",66.0777011526508,66.6621397817133,65.4476652884323,0.052288233694199,66.4303094307086
74,"starch",66.4925512064846,67.8428264648318,65.5668022868052,0.257216496158001,67.3622595391278
75,"starch",66.6157481374239,67.3017138833346,65.8041781582953,0.0745151225158267,67.0468163127614
76,"starch",66.7813251493322,67.6053430603075,66.0784090999915,0.0717955866189648,67.1968337338157
77,"starch",65.9424847483711,66.7327372283899,64.9975097381083,0.112540629852261,66.5261731766238
78,"starch",67.4380742286143,68.5630418822617,66.5727649264208,0.129695215709144,68.021439856391
79,"starch",65.6321522851738,66.2135930075687,65.0664458691514,0.0449806691309605,65.9968016268053
80,"starch",67.1115932790844,68.0640251413984,65.9914436226245,0.180740679787724,67.8551459948916
81,"starch",65.5270754843529,66.1244371754198,64.9360379173745,0.0659706315958172,65.9715153676755
82,"starch",65.1654894695075,65.9335164807882,64.4038921100174,0.0827009775668538,65.6311561181597
83,"starch",67.3794342692109,68.5197876509026,66.3796186739479,0.216261343972348,68.0870715049783
84,"starch",66.8894226624355,67.9681573056659,65.7345236161334,0.190456753731483,67.617292902541
85,"starch",65.6061452486836,66.2924403951458,64.9152840522974,0.0884249688695242,66.0811646689241
86,"starch",66.2196291736294,66.7247158691202,65.4940146233419,0.0576610631763289,66.5974471769153
87,"starch",66.4452172588249,67.2689653792938,65.6742801006093,0.111565745201,67.0296729051877
88,"starch",66.1105014414029,67.2424198386463,64.9801030652644,0.152329105518727,66.6878537239633
89,"starch",65.404317520602,66.2030808950918,64.7551668978546,0.0819710221805862,65.9125507333063
90,"starch",66.405889681397,67.1757435510455,65.7728574997958,0.07263521076308,66.8450576445592
91,"starch",65.8801777471329,66.5314398150418,65.1159528881332,0.0793783606883203,66.3172647804401
92,"starch",65.7326785088146,66.3761401760768,65.1621067334591,0.0462770707228826,66.0666383437294
93,"starch",66.335746091173,67.0233264448084,65.5660229919564,0.0729999903086442,66.7855976392863
94,"starch",65.8662539416245,66.7087508059381,65.0498677493238,0.0679825354704878,66.2688043495135
95,"starch",66.960941684433,67.8854009475574,66.1551500587681,0.110532637330989,67.509707003233
96,"starch",66.6952004739146,67.5432512995863,65.6852867905963,0.121719070186407,67.2407993433068
